submission_id;factor_ie_atencion_emocional;factor_ie_comprension_emocional;factor_ie_regulacion_emocional;factor_ansiedad_rasgo;factor_ansiedad_estado;factor_ansiedad_emociones_adaptativas;ciudad_de_residencia;municipio_de_residencia;edad;nivel_educativo;tiene_algun_familiar_en_venezuela__nucleo_mama_papa_o_hermanos;estado_civil;sexo;seleccione_el_principal_gasto_que_posee_su_familia;como_percibe_el_futuro_en_el_pais;desea_emigrar;como_percibe_la_situacion_actual_del_pais;alguna_persona_cercana_amigoa_o_allegado_ha_sufrido_de_covid19;de_ser_afirmativa_su_respuesta_ingrese_la_cantidad_de_allegados_que_contrajeron_covid19_pero_no_fueron_hospitalizados;de_ser_afirmativa_su_respuesta_ingrese_la_cantidad_de_personas_cercanas_que_han_sido_hospitalizados_por_covid19;de_ser_afirmativa_su_respuesta_ingrese_la_cantidad_de_personas_cercanas_que_han_muerto_de_covid19;algun_integrante_de_su_familia_ha_sufrido_de_covid19;de_ser_afirmativa_su_respuesta_ingrese_la_cantidad_de_familiares_que_contrajeron_covid19_pero_no_fueron_hospitalizados;de_ser_afirmativa_su_respuesta_ingrese_la_cantidad_de_familiares_que_han_sido_hospitalizados_por_covid19;de_ser_afirmativa_su_respuesta_ingrese_la_cantidad_de_familiares_que_han_muerto_por_covid19;graffar_escala_puntuacion_total;cual_es_el_ingreso_aproximado_mensual_de_la_familia
4962980709964896638;-1,17978521927758928;0,07838986318118209;-0,36377220912544217;1,55790298274137884;0,11515424196944626;0,84603225548679184;Caracas;Sucre;23;Estudiante Universitario;Sí;Soltero;Femenino;Comida;Negativo;Sí;Negativa;Sí;15;6;1;Sí;5;0;0;5;NA
4962529779615642572;-0,59874455385813496;-0,75142758601398973;0,12829444580938165;-0,61533436369655148;-0,30280395717316039;-0,48982856191169594;Caracas;El Hatillo;44;Licenciado;No;Casado;Masculino;Comida;Negativo;No;Negativa;Sí;4;1;1;No;NA;NA;NA;8;NA
4962273810527898568;-0,26818641006010557;-0,35090091636674925;0,67705324052268157;0,88900300213830785;-0,97810853496102934;-0,29079135605184581;Caracas;Libertador;43;Educación básica;Sí;En unión libre;Masculino;Comida;Negativo;No;Negativa;No;NA;NA;NA;No;NA;NA;NA;17;150
4962182863116781517;-0,64010639931388469;0,59068791792328879;0,34385635723043867;-0,20885527710006330;0,90188948432310767;0,04202085194345418;Caracas;Baruta;20;Estudiante Universitario;Sí;Soltero;Masculino;Educación;Positivo;Sí;Negativa;No;NA;NA;NA;No;NA;NA;NA;6;6.000
4962181960864040742;-0,36211230884530099;-0,63998522768668031;-0,76933541372812819;0,21455578891617547;-0,29463010813355250;0,25161769745266832;Caracas;Sucre;46;Licenciado;Sí;Divorciado;Masculino;Comida;Negativo;No;Negativa;Sí;4;1;1;No;NA;NA;NA;6;1200
4962159835317851268;-0,86489336621508162;0,04168857624131810;-0,41941502843953171;0,26239114252284940;1,10852164079840732;0,71148495129418554;Caracas;Sucre;38;Licenciado;Sí;Casado;Femenino;Comida;Negativo;Sí;Negativa;Sí;20;15;10;Sí;10;1;1;7;NA
4962074160824977037;-0,26789280765050943;-0,24538078210605596;-1,55867456837549434;0,20860577545980788;-0,95606010724256663;-0,24448520182990902;Caracas;Baruta;18;Bachiller;Sí;Soltero;Masculino;Comida;Positivo;No;Negativa;Sí;4;0;0;Sí;3;1;0;8;Casi nada
4962071180516360115;1,16216868966445319;1,62183811943508815;0,67032126055432650;0,49084596528336716;0,62746536371399164;0,49169158502640403;Caracas;Libertador;33;Bachiller;Sí;Soltero;Masculino;Comida;Positivo;Sí;Negativa;No;NA;NA;NA;No;NA;NA;NA;11;60$
4962062266226641175;2,09223636920686040;-1,60763086030778668;0,10587454420820819;0,29480345410121306;-0,56090785905744067;-0,41318637512157436;Caracas;Sucre;22;Estudiante Universitario;Sí;Soltero;Masculino;Comida;Positivo;No;Negativa;No;NA;NA;NA;No;NA;NA;NA;9;300
4962062266226768713;2,09223636920686040;-1,60763086030778668;0,10587454420820819;0,29480345410121306;-0,56090785905744067;-0,41318637512157436;Caracas;Sucre;22;Estudiante Universitario;Sí;Soltero;Masculino;Comida;Positivo;No;Negativa;No;NA;NA;NA;No;NA;NA;NA;9;300
4962062256223673120;2,09223636920686040;-1,60763086030778668;0,10587454420820819;0,29480345410121306;-0,56090785905744067;-0,41318637512157436;Caracas;Sucre;22;Estudiante Universitario;Sí;Soltero;Masculino;Comida;Positivo;No;Negativa;No;NA;NA;NA;No;NA;NA;NA;9;300
4962062256227352359;2,09223636920686040;-1,60763086030778668;0,10587454420820819;0,29480345410121306;-0,56090785905744067;-0,41318637512157436;Caracas;Sucre;22;Estudiante Universitario;Sí;Soltero;Masculino;Comida;Positivo;No;Negativa;No;NA;NA;NA;No;NA;NA;NA;9;300
4962062256228452417;2,09223636920686040;-1,60763086030778668;0,10587454420820819;0,29480345410121306;-0,56090785905744067;-0,41318637512157436;Caracas;Sucre;22;Estudiante Universitario;Sí;Soltero;Masculino;Comida;Positivo;No;Negativa;No;NA;NA;NA;No;NA;NA;NA;9;300
4962062256229705686;2,09223636920686040;-1,60763086030778668;0,10587454420820819;0,29480345410121306;-0,56090785905744067;-0,41318637512157436;Caracas;Sucre;22;Estudiante Universitario;Sí;Soltero;Masculino;Comida;Positivo;No;Negativa;No;NA;NA;NA;No;NA;NA;NA;9;300
4962057969668211892;0,20912769692354000;1,48464005730648130;-0,39077173676062299;-0,36882599330291949;-0,67044586761724079;-0,45455686063612338;Caracas;Baruta;46;Licenciado;Sí;Divorciado;Masculino;Comida;Negativo;No;Negativa;Sí;9;10;3;Sí;2;2;2;6;800$
4962047430916560579;-0,83270897912006092;-1,49730290224937002;-0,01703168478885368;-0,26062541923658755;0,65421811378815342;0,03541919883285753;Caracas;Libertador;31;Estudiante Universitario;Sí;Soltero;Masculino;Comida;Positivo;No;Negativa;Sí;2;0;0;No;NA;NA;NA;14;200
4962043250551905538;-0,65328607579461628;-0,63669048334726941;-0,52263502885023683;-0,54983789389624116;-1,42217376035045562;-0,90325651914233018;Caracas;Baruta;58;Con estudios de especialización;No;Casado;Masculino;Educación;Positivo;No;Negativa;Sí;40;0;0;No;NA;NA;NA;8;1000
4962042853119390166;-0,64010639931388469;0,59068791792328879;0,34385635723043867;-0,20885527710006330;0,90188948432310767;0,04202085194345418;Caracas;Baruta;20;Estudiante Universitario;Sí;Soltero;Masculino;Educación;Positivo;Sí;Negativa;No;NA;NA;NA;No;NA;NA;NA;6;6.000
4962040838291650100;-1,37235045306252879;-0,37304821975650443;1,03067342499744274;0,46850882326158888;-2,23161866986411628;-0,42703522837995173;Caracas;Baruta;20;Estudiante Universitario;Sí;Soltero;Femenino;Educación;Negativo;No;Negativa;Sí;5;2;0;Sí;2;0;0;6;NA
4962035905114128257;-0,62344396245651001;-1,65805408210102900;-0,19543133120416617;-0,60715241637594675;-0,20057816296883224;-0,39276061536185164;Caracas;Baruta;20;Estudiante Universitario;Sí;Soltero;Femenino;Educación;Positivo;No;Negativa;Sí;7;0;0;Sí;3;0;0;6;NA
4962009418897748977;0,28042254257937865;0,28615023777567844;0,61601990185178046;0,32329840344472593;0,34692221950463442;0,30099125914077929;Caracas;Sucre;56;Con estudios de especialización;Sí;Casado;Masculino;Educación;Positivo;No;Positiva;Sí;20;5;3;No;NA;NA;NA;6;3000
4962000340126107312;-0,08500851549264234;-0,11307563314046799;0,03043442530995603;1,49147861009087745;-0,26776690190924812;1,33388430682066672;Caracas;Sucre;18;Estudiante Universitario;No;Soltero;Femenino;Comida;Positivo;No;Negativa;No;NA;NA;NA;No;NA;NA;NA;6;NA
4961588142318034486;-1,10047493475028180;0,03410781121587927;-0,19600449777810580;1,14310410259934758;-1,56451918543154300;-0,53929681183034417;Caracas;Baruta;23;Bachiller;Sí;Soltero;Masculino;Educación;Positivo;Sí;Negativa;No;NA;NA;NA;No;NA;NA;NA;6;2000
4961570061104435121;0,19846373771854520;-0,18322809853444319;-0,15533901760117472;1,17426059055355769;1,52661271684606081;0,94096451249698865;Caracas;Baruta;19;Estudiante Universitario;Sí;Soltero;Masculino;Comida;Negativo;No;Negativa;Sí;15;6;3;Sí;7;0;0;6;6.000$
4961543559613311576;-0,27832627325925985;-1,41633512904252812;0,87415157435707658;-0,51842514401098905;-0,35720703638692408;-0,52476353327233716;Caracas;El Hatillo;43;Bachiller;No;Casado;Femenino;Comida;Negativo;No;Negativa;Sí;1;0;0;No;NA;NA;NA;9;3.000
4961526319229252845;-0,21135091740438441;-0,31545532988024666;0,38535197291888834;0,39257402559782556;0,23571190235748726;0,82451413370399473;Caracas;El Hatillo;20;Estudiante Universitario;Sí;Soltero;Masculino;Educación;Negativo;No;Negativa;Sí;20;3;1;Sí;2;0;0;6;NA
4961523933185367834;1,44761508348686641;1,45699612473125217;-0,03351462651289189;-0,31731263657408437;-2,81721513820722658;-1,00807524282763183;Caracas;Baruta;21;Bachiller;Sí;Soltero;Femenino;Comida;Negativo;Sí;Negativa;No;NA;NA;NA;No;NA;NA;NA;8;Ninguno desde hace aproximadamente 4 meses
4961522898019238931;-1,09279099666666957;0,40954054329681217;-0,27558995688949228;0,09176885170634889;-0,35866079044971777;-0,31039288710135371;Caracas;Sucre;23;Licenciado;Sí;Soltero;Masculino;Vivienda;Negativo;No;Negativa;No;NA;NA;NA;Sí;4;1;1;9;7200
4961515500298258448;-0,28463064703958946;-0,74707795423500267;-0,29810299791131734;0,44486357494685386;1,60486911323678894;0,26800565450840913;Caracas;Sucre;24;Estudiante Universitario;Sí;Soltero;Masculino;Comida;Negativo;Sí;Negativa;Sí;5;10;1;No;NA;NA;NA;6;NA
4961514158294652066;-0,28761984007334884;-1,25296185777766533;-0,63732224574397744;0,16530755499953745;0,52368230652584635;0,09969060427945770;Caracas;Sucre;27;Licenciado;Sí;Soltero;Masculino;Comida;Positivo;No;Positiva;Sí;2;1;0;Sí;2;1;0;6;Na
4961509985212021643;-0,95072693940973130;-0,96201742928835443;-0,43069805331107641;0,60389986280700947;-0,38123079862074238;-0,06437013408321707;Caracas;Baruta;24;Licenciado;Sí;Soltero;Masculino;Comida;Negativo;Sí;Negativa;Sí;15;1;0;Sí;3;1;0;6;No se
4961487563711470499;1,41391578928912409;-1,13125230373899055;0,19685523557192353;0,75221586846434108;-0,32352509854593037;0,01233148227726128;Caracas;Libertador;24;Estudiante Universitario;Sí;Soltero;Femenino;Comida;Positivo;No;Negativa;Sí;1;5;4;No;NA;NA;NA;11;10$
4961481061838215850;0,06221777084827268;-0,39257836739669644;-1,05414040703394463;0,68021434194317321;1,21387772826920193;1,04174455511151165;Caracas;El Hatillo;28;Con estudios de especialización;Sí;Soltero;Masculino;Comida;Positivo;No;Positiva;No;NA;NA;NA;Sí;1;0;0;7;NA
4961480821521339780;-0,11363642187553703;0,13042920559931453;0,04875953158977743;-0,71927896804354396;-0,32155195309691359;-0,33297705614182976;Caracas;Sucre;23;Estudiante Universitario;Sí;Soltero;Masculino;Comida;Negativo;Sí;Negativa;Sí;2;0;0;Sí;1;0;0;7;400
4961475671294663953;-1,85846259447895967;-1,04162899498733985;0,20308556061484001;-0,54875560588167249;2,36447606067818095;0,65659084550824798;Caracas;Chacao;23;Estudiante Universitario;Sí;Soltero;Masculino;Comida;Negativo;Sí;Negativa;Sí;5;3;2;No;NA;NA;NA;6;NA
4961470776116575809;-1,31455256102558526;0,45724578865874371;1,56331270447893944;-0,60390359202904054;-0,97656629442694609;-0,40989733743884410;Caracas;Chacao;23;Licenciado;Sí;Soltero;Masculino;Comida;Negativo;Sí;Negativa;No;NA;NA;NA;Sí;3;0;0;9;NA
4961464692025499096;-0,59029409206075512;-1,42832452090948214;1,01310489673737192;NA;NA;NA;Distrito capital;Libertador;21;Estudiante Universitario;Sí;Soltero;Masculino;Comida;Positivo;Sí;Positiva;Sí;2;3;1;No;NA;NA;NA;11;600$
4961454993112331406;-0,17149785797684214;-0,36388514925878929;-0,79955911640898325;-0,43739916719908006;0,68195788736655938;0,01045595018277142;Caracas;Baruta;26;Licenciado;Sí;En unión libre;Masculino;Comida;Negativo;Sí;Negativa;Sí;99;99;2;Sí;3;0;0;6;2000
4961360464166303843;1,35357217107425010;0,75737661282182356;0,63706689169245678;0,85111700994473194;0,50678981281423952;0,79315098247140958;Caracas;Sucre;22;Estudiante Universitario;Sí;Soltero;Masculino;Educación;Negativo;Sí;Negativa;Sí;4;0;0;No;NA;NA;NA;6;1000
4961358297863097211;0,94735660516994546;-1,70745600808209375;0,43609262272337679;0,11044725380339081;-0,94738354323501028;-0,55602714566476052;Caracas;Chacao;29;Con estudios de especialización;Sí;Casado;Masculino;Comida;Positivo;No;Negativa;Sí;2;0;0;Sí;4;0;0;6;3000
4961315993013155282;-1,06404188281848078;-0,93546004611364419;-1,15596162594438301;-0,38597948794146836;-0,42867750158325535;-0,42567776989036632;Caracas;Baruta;42;Licenciado;Sí;Casado;Femenino;Comida;Positivo;No;Positiva;Sí;8;5;2;No;NA;NA;NA;6;1000
4961254301443335742;0,68640202144525619;0,48732454484546495;-0,39535107156270471;-0,17862957854442013;-0,16426469829275395;-0,10559773981877280;Escampadero;Baruta;38;Licenciado;Sí;Casado;Femenino;Comida;Positivo;No;Negativa;Sí;6;4;1;No;NA;NA;NA;10;800
4961247132126982043;1,73383119727189516;0,32292862007913276;0,28329006966631332;-0,32566885973709503;0,90128397097657820;0,18786995370003895;Caracas;Chacao;47;Licenciado;Sí;Casado;Masculino;Educación;Negativo;No;Negativa;Sí;1;0;0;Sí;1;0;0;6;3000
4961231256011192956;1,15944739859381563;-0,35926789387707525;-0,13609674706096037;0,20011756407071415;-0,55562199892191289;0,10010530356388475;Caracas;Baruta;59;Bachiller;No;Divorciado;Masculino;Comida;Positivo;No;Negativa;No;NA;NA;NA;No;NA;NA;NA;10;$ 800
4961215649421140788;-0,53711722339015955;-0,18295959578275001;1,11540743345277105;-0,53221496646464228;0,74316560769516227;0,05027151132518071;Caracas;Baruta;31;Licenciado;Sí;Soltero;Masculino;Educación;Positivo;No;Negativa;Sí;20;2;0;No;NA;NA;NA;6;4.000
4961212895014603037;0,45329517535179276;-0,09331837503692542;0,02809907459563432;-0,52022715658255547;-1,40414437454209029;-0,80732896066723769;Caracas;El Hatillo;29;Estudiante Universitario;Sí;En unión libre;Masculino;Comida;Positivo;No;Positiva;Sí;10;2;0;Sí;2;0;0;7;NA
4961212499228588643;-0,81207354050126113;-1,88964001406615822;0,16031687243575748;NA;NA;NA;Caracas;Baruta;38;Con estudios de especialización;No;Soltero;Masculino;Comida;Positivo;No;Positiva;Sí;20;0;2;No;NA;NA;NA;6;NA
4961212174309743509;-0,74566553310007677;0,44731453696026491;-0,01652406036145094;0,59956432718955122;-1,01281875669948285;-0,28532441753824467;Caracas;Baruta;28;Licenciado;Sí;Casado;Femenino;Comida;Positivo;No;Positiva;Sí;15;0;0;Sí;3;0;0;8;8000
4961209202529977235;-1,22741624687090045;0,03003092530169763;0,43346799508575568;0,38786079762174824;-0,37961027785612855;0,20097533659152730;Caracas;Sucre;23;Licenciado;Sí;Soltero;Femenino;Comida;Positivo;No;Negativa;Sí;8;0;0;No;NA;NA;NA;7;3000
4961191910024796103;-1,56140001430916442;0,54405883741032146;0,42146062385399857;0,17210735106869562;0,25512236251481224;0,64020542840712591;Caracas;Chacao;23;Estudiante Universitario;Sí;Soltero;Masculino;Comida;Negativo;No;Negativa;Sí;2;0;0;Sí;1;0;0;6;1000
4961174234775945742;-0,25378380316788057;-1,04802437441460849;-0,34345935512819509;1,11795872302271460;-0,15085528008050086;1,03730063954290586;Caracas;Baruta;24;Bachiller;Sí;Soltero;Masculino;Educación;Negativo;Sí;Negativa;Sí;0;0;1;Sí;2;0;0;7;NA
4961152348417002221;-0,98490940965577245;1,05176542645491944;-0,48217751430271849;0,37448134993679039;-0,26469963492378717;-0,06142750244677685;Caracas;Baruta;21;Estudiante Universitario;Sí;Soltero;Femenino;Hija en el exterior;Negativo;Sí;Negativa;Sí;10;0;0;No;NA;NA;NA;6;6000
4961150814512365539;-0,68005569484799333;-0,24650594952381741;0,05204976261421530;0,49164924624899020;0,59360152830380464;0,13119197303719293;Caracas, los naranjos;El Hatillo;21;Estudiante Universitario;Sí;Soltero;Masculino;Educación;Positivo;No;Positiva;Sí;10;2;0;Sí;2;0;0;5;NA
4961105064995391205;0,63545054579547366;-0,08468910298298704;0,12781999419627135;-0,51956782314600303;-0,11399687424670868;-0,21209683739559232;Caracas;Sucre;20;Estudiante Universitario;Sí;Soltero;Masculino;Comida;Positivo;No;Negativa;Sí;20;2;0;Sí;2;0;0;5;NA
4960992617317364267;-0,45244764637960788;0,47027174885893064;-0,06917307833482775;0,73203820481415949;0,65950054139700898;0,45552570650726781;Caracas;Baruta;21;Estudiante Universitario;Sí;Soltero;Femenino;Educación;Negativo;Sí;Negativa;Sí;15;0;0;Sí;0;1;0;10;800
4960983126299041015;-0,29322341864210655;-1,40621235981398507;-0,23575392894590697;-0,50057724174061391;0,09135377304466218;-0,49483745124635353;Caracas;Baruta;52;Bachiller;Sí;Casado;Masculino;Comida;Negativo;No;Negativa;Sí;6;3;4;Sí;2;0;0;9;NA
4960756676402803525;-0,67950073982549619;1,47043038415118432;0,21727315980944029;-0,02191344395010487;-1,54483944224469250;-0,39093101966566557;Caracas;El Hatillo;49;Licenciado;Sí;Casado;Femenino;Comida;Negativo;Sí;Negativa;Sí;20;12;0;Sí;10;0;0;7;5000
4960748725293829837;-2,02063988589675780;1,34985131148354087;1,39746067943488961;-0,19792448835036419;-1,22749549718533535;-0,64975065742066107;Caracas;Sucre;23;Estudiante Universitario;Sí;Soltero;Masculino;Comida;Positivo;Sí;Positiva;Sí;15;0;0;Sí;2;0;0;7;$7000
4960748512164784079;-0,87758852750869665;-0,82480897496515160;1,15796968467078742;-0,02306503777884564;-0,67006142975196470;-0,31855789575301613;Caracas;Baruta;23;Estudiante Universitario;Sí;Soltero;Masculino;Educación;Negativo;No;Negativa;Sí;15;2;0;Sí;3;0;0;6;NA
4960748494604036683;0,00403368572529806;0,60353147958230546;-0,07995089307967893;0,97909695788406959;0,40388606002384858;1,30244129183342627;Caracas;Chacao;21;Bachiller;Sí;En unión libre;Femenino;Comida;Negativo;Sí;Negativa;Sí;20;2;0;Sí;4;2;1;7;1,000
4960748345114438495;-0,36489663541860451;-1,00020877757138615;-0,63855680585523478;-0,59540722093249332;-0,08068698060259914;-0,37029530553001594;Caracas;El Hatillo;27;Con estudios de especialización;Sí;Casado;Femenino;Comida;Negativo;No;Negativa;Sí;10;0;0;Sí;2;0;0;8;3000
4960744555516438268;1,36562314867756807;-0,37023589504286936;-1,77667358737472592;-0,11414340714384433;-1,72528354809755169;-0,37238909754991251;Caracas;Sucre;21;Estudiante Universitario;Sí;Soltero;Femenino;Educacion en el extranjero / seguros medicos.;Negativo;No;Negativa;Sí;50;4;0;Sí;15;2;9;5;8000
4960743361125223606;0,68549926913603865;0,13359047305002641;-0,02989687886004740;0,88508341050634576;-0,75551131009940609;-0,63435797513796022;Caracas;Libertador;21;Estudiante Universitario;Sí;Soltero;Femenino;Comida;Negativo;No;Negativa;Sí;15;0;0;Sí;3;0;0;6;2000
4960733060527276999;0,64495582588517952;0,31431377197213861;1,04827878066855962;0,60028693365635777;1,78727449600724420;1,25941995720071476;Gran Caracas;Sucre;44;Licenciado;Sí;Casado;Femenino;Comida;Negativo;Sí;Negativa;No;NA;NA;NA;No;NA;NA;NA;8;350$
4960728520521694270;-0,26818641006010557;-0,35090091636674925;0,67705324052268157;0,88900300213830785;-0,97810853496102934;-0,29079135605184581;Caracas;Libertador;43;Educación básica;Sí;En unión libre;Masculino;Comida;Negativo;No;Negativa;No;NA;NA;NA;No;NA;NA;NA;17;150
4960727222311712867;1,75068330909326564;1,42142160476034851;-1,08647601660290993;-0,51143302558792303;0,18645223426219290;-0,21025832897025915;Caracas;Sucre;65;Estudiante Universitario;Sí;Casado;Femenino;Comida;Negativo;No;Negativa;Sí;3;0;0;No;NA;NA;NA;7;NA
4960702070414137016;-0,57876465092878937;-1,35578375019392650;-0,16736528853717103;0,08715182024246611;0,07957998473922628;0,43234735155905873;Caracas;Sucre;25;Con estudios de especialización;Sí;Soltero;Masculino;Comida;Positivo;No;Negativa;Sí;7;2;0;Sí;1;0;0;8;NA
4960689810523656607;1,32239329481538581;-1,31625279125420525;-0,72524863909594250;0,14210606820236230;-0,44834900885156126;0,42824674112173772;Caracas;Libertador;43;Con estudios de especialización;Sí;En unión libre;Masculino;Comida;Positivo;No;Negativa;Sí;0;0;3;Sí;4;0;0;10;300
4960686280529754657;-0,86993963546290864;-0,54139535636822689;0,21696167855607440;-0,28938252461682223;-0,27428472646122237;0,36771005674651586;Caracas;Sucre;39;Bachiller;Sí;Casado;Masculino;Comida;Negativo;No;Negativa;Sí;5;0;5;No;NA;NA;NA;12;250
4960668649214084058;0,60658510184935943;1,21930524255226547;0,35271591927620560;0,13737704983335186;0,97061768085939271;0,13178847782674841;Caracas;El Hatillo;20;Estudiante Universitario;Sí;Soltero;Masculino;Comida;Negativo;Sí;Negativa;Sí;16;3;0;Sí;4;0;0;7;NA
4960663368894568023;-1,70321824022414736;-1,42656649103152788;0,74254939118649510;-0,64735340531868324;0,26374647445209670;-0,01626249129663718;Caracas;Chacao;23;Estudiante Universitario;Sí;Soltero;Masculino;Comida;Positivo;No;Negativa;Sí;20;4;4;No;NA;NA;NA;6;4000$
4960655536913039662;0,35243857234079989;1,20105274941438078;0,10847830931449470;0,62769977931028931;-0,36815880891456582;0,57848301138363967;Caracas;Chacao;19;Bachiller;Sí;Soltero;Femenino;Comida;Negativo;No;Negativa;Sí;8;3;3;No;NA;NA;NA;8;NA
4960648504912557168;0,50039101497893079;-1,64578712984528175;1,39345901661141158;0,17429741433901505;-0,23980734382241944;-0,42037698740544477;Caracas;Sucre;21;Estudiante Universitario;Sí;Soltero;Masculino;Educación;Negativo;Sí;Negativa;Sí;3;0;0;Sí;1;0;0;9;NA
4960615903319285408;-0,82856596097255453;-0,48967484970753966;-0,96849563499147706;-0,86468494615405622;-0,31685132255517795;-0,34646953875887210;Caracas;Libertador;26;Licenciado;No;Soltero;Femenino;Comida;Negativo;Sí;Negativa;Sí;10;2;1;No;NA;NA;NA;10;1100
4960611642013611116;-0,22856897388140346;1,24313855637588988;0,58084297793464457;-0,43052737463373331;-0,24363800224434728;0,15500786649508197;Caracas;Baruta;20;Bachiller;No;Soltero;Masculino;Comida;Negativo;Sí;Negativa;Sí;10;0;0;Sí;3;0;0;9;NA
4960596733915241246;0,29589060765569003;-0,95603950854612074;0,98714745696219697;0,28451047170256355;-0,49542536128751485;-0,00644889856667791;Caracas;Sucre;22;Estudiante Universitario;Sí;Soltero;Masculino;Comida;Negativo;Sí;Negativa;No;NA;NA;NA;Sí;2;1;1;7;NA
4960582246838848844;-0,43464569911635587;1,24107654048154048;-0,72452941406302651;0,74715670717647142;1,55394743570700555;0,41581132955341493;Caracas;Sucre;18;Estudiante Universitario;Sí;Soltero;Femenino;Educación;Negativo;Sí;Negativa;Sí;2;0;1;Sí;4;1;1;7;NA
4960577521891351510;0,06138465921632263;1,42862112584161971;-0,08481067282046839;0,20915862786190795;1,35963360760858865;0,18649543179076472;Caracas;Sucre;19;Estudiante Universitario;Sí;Soltero;Femenino;Comida;Negativo;Sí;Negativa;Sí;4;0;0;Sí;1;3;1;6;1000$
4960577079964982841;0,19910629211566153;0,18367947746182037;-1,17729252120522032;-0,37832099118153434;-0,46976199068635205;-0,55170368640942535;Caracas;El Hatillo;21;Estudiante Universitario;Sí;Soltero;Femenino;Comida;Positivo;No;Negativa;Sí;8;1;1;Sí;4;0;0;7;NA
4960548512221544202;-0,86053181298932935;-1,81910268978059464;1,72692458744504318;-0,75833039202500852;-0,97182737501619976;-0,53333310583013327;Caracas;Baruta;20;Estudiante Universitario;Sí;Soltero;Masculino;Comida;Negativo;Sí;Negativa;Sí;1;2;1;Sí;0;2;1;7;NA
4960548514518573270;-1,82903865294042656;-0,33211399804743080;-0,20486470977844567;-0,17082032815075152;-1,14032670319467999;-0,18044985230155519;Caracas;Chacao;21;Bachiller;Sí;En unión libre;helicóptero de combate;Educación;Negativo;No;Negativa;Sí;57;12;7;Sí;5;0;0;7;10.000$
4960542692529739627;1,00968440021691230;0,03613109311621550;0,85334086249340624;NA;NA;NA;Caracas;Sucre;48;Licenciado;Sí;Soltero;Femenino;Comida;Negativo;Sí;Negativa;Sí;26;10;3;Sí;20;0;0;11;700
4960541742024438470;1,84220076018672341;-1,33033951405834827;-0,03761769176860841;-0,11862538606657957;0,71767221246362634;0,64989266071078511;Caracas;Libertador;21;Estudiante Universitario;Sí;Soltero;Femenino;Educación;Negativo;Sí;Negativa;Sí;5;3;1;Sí;1;3;1;8;400$
4960534412116568667;2,17390831059428757;-1,95113955241686532;-0,30825243478599301;-0,36638167965177382;0,22140958981348649;-0,05963556080665149;Caracas;Libertador;27;Estudiante Universitario;Sí;Casado;Femenino;Comida;Negativo;Sí;Negativa;Sí;10;0;0;Sí;4;0;0;11;1600$
4960532446916280284;-1,43232279396662854;-0,58734875780108342;0,02975091911587584;-0,53368723072823021;-0,42021032368177236;-1,02622509972585974;Caracas;Libertador;21;Licenciado;Sí;Soltero;Femenino;Comida;Positivo;Sí;Negativa;Sí;2;0;0;No;NA;NA;NA;6;300
4960532261613148657;-1,05028671241718796;0,34586360851685555;-0,44862749943543423;-0,38915445437975843;0,21924717477997913;-0,18712118071630635;Caracas;Libertador;23;Licenciado;Sí;Soltero;Masculino;Comida;Negativo;Sí;Negativa;No;NA;NA;NA;No;NA;NA;NA;16;50$
4960527128029595307;-0,24086794572639941;-0,15492374752814961;-0,07681969262424203;0,73626453950698978;1,01393184574814699;1,11062740261174353;Caracas;Baruta;20;Estudiante Universitario;Sí;Soltero;Masculino;Educación;Positivo;Sí;Negativa;No;NA;NA;NA;No;NA;NA;NA;8;1000
4960523106872560824;1,15434759640343554;1,79699070748347078;-0,08030776765539012;0,16686014880533342;0,14415076656586953;-0,04604049193477761;Caracas;Libertador;23;Con estudios de especialización;Sí;Soltero;Masculino;Comida;Positivo;No;Negativa;Sí;2;1;0;No;NA;NA;NA;7;400
4960513794508188471;0,88169125734316156;0,08170075114839376;-1,04118818978234917;0,27912418224903035;-0,03618330498504957;0,05274823941239819;Caracas;Libertador;35;Licenciado;Sí;En unión libre;Masculino;Comida;Negativo;Sí;Negativa;Sí;6;1;0;Sí;1;0;0;14;80
4960500702424657779;-2,20705778541689268;-1,01161991768549298;0,68469376370828239;-0,44605969949092900;-0,07551866325856015;0,06665234311044181;Caracas;Sucre;27;Estudiante Universitario;Sí;Soltero;Femenino;Comida;Negativo;Sí;Negativa;No;NA;NA;NA;Sí;0;2;0;7;NA
4960493762247776864;-0,62301329005862149;-1,06534957547422016;-0,21934727851308392;-0,47029625596169228;-1,13493217758879328;-0,97877313216622930;Caracas;Sucre;19;Bachiller;Sí;Soltero;Masculino;Comida;Positivo;Sí;Negativa;Sí;10;2;3;Sí;0;2;0;7;6000$
4960493619224068287;-0,49857386701830908;-0,04731633237111146;0,05817462597417163;-0,27893113607003434;-0,05822158647826724;-0,19469418192756630;Caracas;Sucre;22;Estudiante Universitario;Sí;Soltero;Femenino;Comida;Negativo;Sí;Negativa;Sí;5;0;0;Sí;2;0;0;9;180$
4960491156745858393;0,23417050984743382;-0,39098860778535671;0,94711466626940188;-0,38768685770172717;-0,76301193365963271;-0,65106194296175612;Caracas;Sucre;34;Licenciado;Sí;Soltero;Masculino;Comida;Positivo;No;Negativa;Sí;1;1;0;No;NA;NA;NA;7;500$
4960486091116041436;0,84808710901316409;-1,20752378296699758;-0,12237315750107067;-0,61753072669536668;1,05149300689787295;0,23769182596332539;Caracas;Sucre;21;Estudiante Universitario;Sí;Soltero;Masculino;Educación;Negativo;Sí;Negativa;Sí;4;0;0;Sí;5;0;0;6;NA
4960467122803194186;-0,92846742830789508;-1,27952731439101264;-0,23507162023233047;0,68312262280174796;0,75680625609033259;-0,14021612797842284;Caracas;Baruta;22;Estudiante Universitario;Sí;Soltero;Femenino;Comida;Positivo;No;Negativa;No;NA;NA;NA;No;NA;NA;NA;10;200$
4960465295121808164;-0,21450015518137988;1,59537664959955272;-1,26454613315863273;1,54469741236962910;-0,32224824172703892;0,48198686393239326;Caracas;Libertador;21;Estudiante Universitario;Sí;Soltero;Femenino;Comida;Negativo;Sí;Negativa;Sí;10;5;5;No;NA;NA;NA;8;30$
4960462932522944298;-0,31449858761579241;-0,82666345372661254;-0,45984038754267914;-0,86293269274874795;1,55493015678463520;-0,04329682475604295;Caracas;Sucre;39;Bachiller;Sí;Soltero;Masculino;Comida;Negativo;Sí;Negativa;Sí;6;1;0;Sí;5;2;0;11;NA
4960451348126647991;1,12826057985904971;1,64005265004193879;-0,70424226028965453;0,46046457794764301;1,15900149189773360;1,12589927710992610;Caracas;Libertador;22;Estudiante Universitario;Sí;En unión libre;Masculino;Educación;Negativo;Sí;Negativa;Sí;3;2;1;No;NA;NA;NA;9;500
4960450584338515541;-0,04938056083180344;-0,23054948693548732;-0,48497406290392908;-0,47058131561546734;0,45911044763013531;0,01653459623329391;Caracas;Sucre;23;Estudiante Universitario;Sí;Soltero;Masculino;Comida;Negativo;Sí;Negativa;Sí;6;2;2;Sí;4;0;0;10;NA
4960443129912823855;2,02395544502295488;0,84930119873608190;-0,91352495039248816;0,30383165675881663;0,71352368594071691;-0,11388887322697790;Caracas;Libertador;24;Estudiante Universitario;Sí;Soltero;Femenino;Medicinas;Negativo;Sí;Negativa;Sí;0;0;0;Sí;2;0;0;10;100$
4960433131218260709;1,07274047948316298;1,57926262134838469;-1,55276436168153942;-0,01555851942705893;1,23092458192717391;0,55092267743812706;Caracas;Baruta;26;Estudiante Universitario;Sí;Soltero;Femenino;Educación;Negativo;No;Negativa;Sí;3;0;0;Sí;1;0;0;9;900$
4960429851192006983;-1,89853760972322361;1,35293416961067314;1,70525240130144429;-0,01862916059774193;0,44142162928723322;0,51595233526783157;Caracas;Sucre;65;Con estudios de especialización;Sí;Viudo;Masculino;Comida;Negativo;No;Negativa;No;NA;NA;NA;No;NA;NA;NA;7;NA
4960322637029011949;1,85385451731702777;1,90286715540172957;-1,73338423510758299;0,13629629729093001;-1,14083365573787443;-0,62832435072506587;Caracas;Libertador;28;Licenciado;Sí;Soltero;Masculino;Comida;Negativo;No;Negativa;Sí;0;3;3;Sí;0;2;1;10;60USD
4960306890526830241;0,66232908305064364;-0,70710980281038616;-1,61309718626899690;-0,35506525742262540;0,37653870822496294;0,51626235333607851;Caracas;Libertador;33;Estudiante Universitario;Sí;Soltero;Masculino;Comida;Negativo;Sí;Negativa;Sí;3;0;0;No;NA;NA;NA;11;500
4959924483508975886;-0,39354049471209590;-0,37380261868369219;-1,23773860411280601;-0,66810498447271827;-1,07149162460547176;-1,35546394681573679;Santa fe;Baruta;22;Estudiante Universitario;Sí;Soltero;Masculino;Educación;Positivo;Sí;Negativa;Sí;2;0;0;Sí;2;0;0;6;NA
4959913560517760411;0,46814613133192934;2,16896851972966420;-1,18698293982905367;0,00795910628911276;-0,71719961078221672;-0,24064452356236354;Caracas;Chacao;21;Estudiante Universitario;Sí;Soltero;Femenino;Educación;Negativo;Sí;Negativa;Sí;7;0;0;Sí;7;0;0;12;100
4959909613116609791;0,32820353526834650;1,09728034388628792;-1,30071969252739295;1,43531675086884092;-0,47639912418918762;-0,47198070946028103;Caracas;Libertador;18;Bachiller;Sí;Soltero;Femenino;Educación;Negativo;Sí;Negativa;Sí;5;1;1;Sí;2;2;0;8;NA
4959881346256029031;-1,55033581302516965;-0,70273765739101646;-0,66747515960880088;-0,42244244003558806;-2,41676484787260160;-1,23605039805846917;Caracas;Libertador;39;Licenciado;Sí;Soltero;Femenino;Comida;Positivo;No;Negativa;Sí;10;0;0;Sí;8;3;1;8;400
4959859652133398732;-0,47904492780311364;-0,98717239164477411;-0,09435426835132149;0,00337339508313238;0,12465818135379944;0,21293379512819283;Chacao;Chacao;25;Licenciado;Sí;Soltero;Masculino;Comida;Negativo;Sí;Negativa;No;NA;NA;NA;No;NA;NA;NA;7;500
4959842346113283153;1,13236577637928004;-0,62568592568659231;-0,45022015571774193;-1,01064703357599561;-1,25013042661225793;-1,27656312126976035;La Trinidad;Baruta;59;Con estudios de especialización;Sí;Soltero;Femenino;Comida;Negativo;No;Negativa;Sí;8;3;2;Sí;1;2;1;10;600
4959827820529093842;1,12487996330697926;1,70003937623803303;0,35571860460242388;-0,22785937418817440;0,89370929933435095;0,33779313610084916;Caracas;Libertador;60;Bachiller;Sí;Soltero;Femenino;Comida;Negativo;Sí;Negativa;Sí;1;0;0;No;NA;NA;NA;13;200$
4959827427711780087;-1,40027759468752278;0,80244860158682907;-0,05045575107998339;NA;NA;NA;CARACAS;Baruta;28;Licenciado;Sí;Casado;Femenino;Comida;Negativo;Sí;Negativa;Sí;2;1;0;Sí;1;0;0;10;NA
4959824790524973146;0,00399822907916969;-1,13267454596396822;0,71440391426292804;0,00872331751853841;-0,52580915066647127;-0,32213116557327148;Caracas;Libertador;56;Con estudios de especialización;Sí;Soltero;Femenino;Comida;Positivo;No;Negativa;Sí;5;0;3;No;NA;NA;NA;10;300
4959824647828751677;1,04500139834776817;-0,41660618016619883;0,12366941163624184;0,55972522894608689;-0,06201145572637493;0,33004196254479229;Caracas;Baruta;22;Estudiante Universitario;Sí;Soltero;Masculino;Educación;Negativo;Sí;Negativa;Sí;5;10;2;No;NA;NA;NA;8;NA
4959797250241135840;-0,43777790570079522;-0,27360230774624800;-0,46970651099850275;0,69071396309756972;-0,73129503320534395;-0,09472132136897446;Caracas;Chacao;24;Estudiante Universitario;No;Soltero;Masculino;Comida;Negativo;Sí;Negativa;Sí;3;0;0;No;NA;NA;NA;9;500
4959796606959324184;1,85860065365486093;0,10080272529174741;-0,39559315585191457;0,02318788442572266;0,18282150257625288;-0,15159467514426112;La Trinidad;Baruta;24;Bachiller;Sí;Soltero;Masculino;Comida;Negativo;Sí;Negativa;Sí;4;0;0;Sí;0;1;1;9;NA
4959794708911831928;-1,29981718377691480;-0,74796679265099397;-0,41090232259608889;-1,16761541057696183;-1,28015505495775495;-1,20870443466730704;Caracas;Baruta;48;Licenciado;Sí;Divorciado;Femenino;Comida;Negativo;Sí;Negativa;Sí;2;2;1;Sí;1;1;0;8;600
4959781936412875101;-1,80656181703990226;-0,32599267578333579;0,93898394468855773;0,88884236294405117;-2,06689874608750923;-0,77291884846382253;Caracas;Chacao;18;Estudiante Universitario;Sí;Soltero;Femenino;Educación;Negativo;Sí;Negativa;Sí;1;1;0;No;NA;NA;NA;8;NA
4959770646804054740;0,52265195657796770;0,43027533802746576;-1,87662725022111698;-0,01555914482576445;-0,40590812210701799;0,07676995898375273;Caracas;Chacao;19;Estudiante Universitario;Sí;Soltero;Femenino;Comida;Negativo;Sí;Negativa;Sí;4;2;1;Sí;1;0;0;8;600
4959754995153625102;-0,93763822605884550;-0,19022149437150832;0,81905602910190678;0,17670831447500612;-0,25936007711834685;-0,16269272101525614;Caracas;Libertador;29;Licenciado;Sí;Casado;Masculino;Comida;Negativo;Sí;Negativa;Sí;1;0;0;No;NA;NA;NA;12;400
4959754835158050566;-0,94752340426719539;1,02264048562215160;-0,40091652217987578;0,93676308124983665;-0,57338134040279221;-0,02425701405099745;Caracas;Libertador;25;Estudiante Universitario;Sí;Casado;Masculino;Comida;Negativo;Sí;Negativa;No;NA;NA;NA;Sí;1;0;0;9;400
4959754596514172467;0,11257357178350255;-2,26176421734275346;-0,08433755678807436;NA;NA;NA;Caracas;Chacao;25;Licenciado;Sí;Soltero;Masculino;Comida;Negativo;Sí;Negativa;No;NA;NA;NA;Sí;6;0;0;9;500$
4959598819113606915;0,10523340365325223;1,02401705213157856;0,42151055076614363;0,47628109802450752;-1,31646747363428784;-0,18089131265759983;Caracas;Chacao;24;Estudiante Universitario;No;Soltero;Femenino;Comida;Negativo;Sí;Negativa;Sí;10;3;1;No;NA;NA;NA;6;100 - 200 $
4959503114815554805;1,22360882977673291;0,64662400804871001;-0,71542960184156768;-0,40828238154583640;0,93458791676652619;0,07370157857775921;Prados del Este;Baruta;22;Estudiante Universitario;Sí;Soltero;Masculino;Comida;Negativo;Sí;Negativa;Sí;10;3;2;Sí;4;0;0;6;120
4959493716123390346;0,13813514103362839;-0,16353261359768678;0,70004359537538918;0,49719676639756999;-0,24034232490244001;0,49074969625415815;Caracas;Baruta;20;Estudiante Universitario;Sí;Soltero;Femenino;Educación;Positivo;No;Negativa;Sí;20;1;0;Sí;1;1;0;5;NA
4959489403112684768;0,15719258676354897;1,23088789180609237;0,59876556310213647;0,41933425241026862;1,87311272380862159;0,62562041208270980;Caracas;Libertador;21;Estudiante Universitario;Sí;Soltero;Masculino;Educación;Negativo;Sí;Negativa;Sí;15;7;0;Sí;8;3;0;8;NA
4959101233812807209;0,51942400190541926;1,26475569425200041;-0,80753099327610078;-0,41811701606778801;1,03905823541683717;0,10212584290124638;Caracas;Baruta;19;Estudiante Universitario;Sí;Soltero;Masculino;Educación;Negativo;Sí;Negativa;Sí;1;0;0;Sí;3;1;1;6;NA
4959086931319407447;-0,71353571973698915;0,97939893093736374;-0,37850210083804264;-0,02924448282096865;-0,58043177525802481;-0,34719916668969780;Caracas;Chacao;20;Estudiante Universitario;Sí;Soltero;Femenino;Educación;Negativo;Sí;Negativa;Sí;13;5;0;Sí;10;0;0;9;NA
4959030005816253688;-1,93362754879218546;0,82392039392686633;-0,33655614777760751;-1,27660888421835206;-0,73576272850484303;-1,05999507764103296;Caracas;Libertador;18;Bachiller;Sí;Soltero;Femenino;Comida;Negativo;Sí;Negativa;Sí;2;0;0;Sí;0;4;0;8;80$
4959022165679594918;-0,73827224327888419;0,65859025111785963;0,40446276095813671;0,12089121570252812;2,21545647607536456;1,22643297167057064;Caracas;Sucre;18;Bachiller;Sí;Soltero;Femenino;Comida;Negativo;Sí;Negativa;Sí;4;1;0;Sí;2;0;0;11;200$
4959021007417115588;-1,20829409448691005;-0,10161805451557099;-0,76708983759944971;-0,89058489443630473;0,31796928579535000;-0,59090914155325125;Caracas;Libertador;18;Estudiante Universitario;Sí;Soltero;Femenino;Comida;Negativo;Sí;Negativa;Sí;2;1;0;Sí;0;3;1;8;50$
4959020366224993289;-0,71449353170270080;1,09255101794532861;1,20584097681551694;-1,02346626535690133;0,06231221120576266;0,08044936228848198;Caracas;Libertador;43;Estudiante Universitario;Sí;Divorciado;Femenino;Comida;Positivo;No;Negativa;Sí;0;1;0;Sí;0;1;1;7;130
4959014988211711561;-0,27396595066912061;0,80350866495822670;-0,21940675567295942;1,48842490772995206;-0,93068969244564415;0,52411375139072169;Caracas;Libertador;19;Estudiante Universitario;Sí;Soltero;Masculino;Comida;Negativo;Sí;Negativa;Sí;3;0;0;Sí;2;0;0;14;10$
4959003907111325845;0,41922822500209883;0,36041889344965622;0,44140508166684034;-0,48643399694018818;-0,93616444383130248;-0,32452644965064847;Sebucan;Sucre;40;Estudiante Universitario;Sí;Soltero;Femenino;Comida;Negativo;Sí;Negativa;Sí;2;0;0;Sí;10;0;0;8;300
4958989009349229471;1,15377123732686759;-0,06305161207093596;0,96488580130043800;0,01062737650834054;1,32294395264400433;1,08803439846297700;Caracas;Baruta;49;Con estudios de especialización;Sí;Soltero;Masculino;Comida;Positivo;Sí;Negativa;Sí;3;2;3;No;NA;NA;NA;7;1500
4958984263996925734;0,67577913987610971;-2,33144263467790047;1,26773582523535966;-0,42624154506716672;-0,69357450487044081;-0,29839265906825035;Caracas;Sucre;63;Con estudios de especialización;Sí;Soltero;Femenino;Comida;Negativo;Sí;Negativa;Sí;10;10;5;Sí;5;3;0;6;300
4958968501724964236;-0,62783007244481670;-0,48018332089669735;-1,10462496423198742;-0,07454372300060100;-0,81353662838461049;-0,11795569449621358;Caracas;Libertador;22;Licenciado;No;Soltero;Masculino;Educación;Negativo;Sí;Negativa;Sí;5;1;1;Sí;1;0;0;7;NA
4958923515619028365;-0,13816073791565064;-0,91053251448534833;0,37784021850783067;-0,89190369107402379;-0,45888337222548603;-0,39797893974340243;Carácas;Sucre;63;Licenciado;Sí;Casado;Femenino;Educación;Positivo;No;Negativa;Sí;10;3;2;Sí;4;2;1;7;600
4958921502796025242;2,03808894391941653;-1,01889917044415235;-0,70197828763215564;-0,10408699893342799;-0,14106745102537330;-0,38067518961679797;Caracas;Baruta;21;Estudiante Universitario;Sí;Soltero;Masculino;Comida;Negativo;Sí;Negativa;Sí;0;0;0;No;NA;NA;NA;6;100
4958882833716102420;-1,42968774055332615;0,05561041250451434;-0,79188023481910608;1,00092398455918574;0,21789301035342440;0,36009955894593082;Caracas;Libertador;25;Licenciado;Sí;Soltero;Masculino;Comida;Negativo;Sí;Negativa;Sí;0;6;3;No;NA;NA;NA;8;300
4958870589899219402;-0,84797675125287353;-1,37925729959743881;-0,09053362079753285;0,31529652897789345;0,09516181381376262;0,18612587129433167;Caracas;Sucre;25;Estudiante Universitario;Sí;Soltero;Masculino;Comida;Positivo;Sí;Negativa;Sí;10;2;0;Sí;3;1;1;6;NA
4958869912995143923;-0,11787293409873911;1,00021989851877247;-0,89183331359924800;0,27852208877704382;-0,91856349394574144;-0,59643279608106825;Caracas;Sucre;21;Estudiante Universitario;Sí;Soltero;Masculino;Educación;Negativo;Sí;Negativa;Sí;3;1;0;No;NA;NA;NA;7;500
4958849262337286898;-0,63625792577549767;-0,65684225174366728;0,95004287720804359;0,41658205816574972;-1,16064520294531537;-0,00948107914696703;Caracas;El Hatillo;18;Bachiller;Sí;Soltero;Femenino;Comida;Negativo;Sí;Negativa;Sí;2;1;0;No;NA;NA;NA;12;70$
4958836550326637763;-0,01143834055379696;0,09753231581744490;0,23016316520433672;-0,97474057021106542;0,49334671649352368;-0,33844725550357974;Caracas;Chacao;21;Estudiante Universitario;Sí;Soltero;Masculino;Educación;Negativo;Sí;Negativa;Sí;10;0;0;Sí;3;0;0;7;NA
4958828134522499879;-0,67236399325936524;0,64660352164214596;-0,41913497222262280;-0,38348349965959949;1,97895684119210680;1,26016326997709815;Caracas;Sucre;21;Estudiante Universitario;Sí;Soltero;Masculino;Comida;Negativo;Sí;Negativa;Sí;3;0;0;Sí;1;0;0;7;750$
4958813391719958192;-0,04623802626845470;0,17190188128808886;-0,16155633999952734;0,60114369310113303;-0,44496410071456205;-0,13708995617391315;Caracas;Chacao;22;Estudiante Universitario;Sí;Soltero;Masculino;Educación;Positivo;No;Negativa;Sí;5;0;0;No;NA;NA;NA;9;700
4958812914212315643;1,08727219869053426;-0,53512089665654128;-0,89698331676736553;0,00121568719463336;-0,60949803279723691;-0,03818737399862873;Caracas;Chacao;59;Con estudios de especialización;Sí;Casado;Masculino;Educación;Negativo;Sí;Negativa;Sí;5;0;0;Sí;1;0;0;7;NA
4958811768321726902;-2,25141076960480913;1,13517263487207587;0,48224846536771510;-0,46821466384931792;-0,74161927822233686;-0,73409477640188137;Caracas;Libertador;49;Bachiller;No;Soltero;Masculino;Comida;Negativo;Sí;Negativa;Sí;4;1;1;No;NA;NA;NA;12;200$
4958801141956491537;-0,90759184931283654;-1,85280937135480994;0,33029552002831175;0,15729308632991226;0,23755065020409555;0,48973856962665469;Caracas;Baruta;50;Estudiante Universitario;Sí;Casado;Femenino;Comida;Positivo;No;Negativa;Sí;0;4;2;No;NA;NA;NA;7;2000
4958800969816223213;-0,85597339595324373;-0,23651648809420694;1,16983683423751494;1,11594735929704192;-0,25522227582845924;0,26747981541959476;Caracas;Chacao;21;Estudiante Universitario;Sí;Soltero;Femenino;Educación;Positivo;No;Positiva;Sí;6;1;0;Sí;2;0;0;5;NA
4958795442343888505;1,13714897662449221;0,19514452618873274;0,05592420463246167;0,25378456546164180;-0,07627265498661928;0,05748464054014558;Caracas;Chacao;52;Licenciado;Sí;Casado;Femenino;Educación;Negativo;No;Negativa;Sí;61;1;1;Sí;4;0;0;6;NA
4958790272527020456;-0,15935444359129652;-1,05036372597571437;-1,05480043880656216;-0,68774698628577480;1,31893174511680655;0,53259336509417432;Caracas;Baruta;20;Estudiante Universitario;Sí;Soltero;Femenino;Educación;Positivo;No;Negativa;Sí;30;2;0;Sí;5;0;0;7;NA
4958787620463426724;-1,50878458440273677;-0,55730978393704123;-0,30944684159456198;-0,09464654016771490;-0,33157016159570329;0,25597011742740661;Caracas;El Hatillo;21;Estudiante Universitario;Sí;Soltero;Masculino;Educación;Negativo;Sí;Negativa;Sí;3;1;0;No;NA;NA;NA;6;5
4958786683896430756;-0,00120430953055192;1,06538785651542911;-0,60253652678286573;-0,47809475055547912;-0,15469799298822023;-0,63222247668421316;Caracas;Sucre;24;Estudiante Universitario;Sí;Soltero;Femenino;Comida;Positivo;Sí;Negativa;Sí;9;2;1;No;NA;NA;NA;6;4000$ creo
4958775613245367181;1,30791763951861428;0,61225748362985444;0,26180418648842629;0,82564346786530185;-0,32856913302291119;0,08854140839582036;Caracas;El Hatillo;20;Estudiante Universitario;Sí;Soltero;Masculino;Comida;Negativo;Sí;Negativa;Sí;16;3;0;Sí;2;0;0;7;NA
4958768001295093706;0,33831006184008061;0,60928840702641673;-0,11904412815432287;-0,58746198938995853;0,79260112532356097;0,09771973283142289;Caracas;Sucre;21;Estudiante Universitario;Sí;Soltero;Masculino;Comida;Negativo;Sí;Negativa;Sí;8;0;0;Sí;7;0;0;7;NA
4958767186895577753;-0,09997972508904196;1,88618397261960924;0,51320977676577906;NA;NA;NA;Caracas;Sucre;49;Licenciado;Sí;Casado;Femenino;Comida;Negativo;Sí;Negativa;Sí;20;10;5;Sí;2;1;0;8;2000$
4958766879132998037;0,01479594393468972;1,69895143806237869;-0,95261839589083963;-0,48674052738167278;-0,40139769165206485;-0,48962649825021076;Caracas;Baruta;22;Estudiante Universitario;Sí;Soltero;Masculino;Educación;Negativo;Sí;Negativa;Sí;14;2;0;Sí;6;0;0;6;500 $
4958761874607880101;1,20720967572087301;-0,25767425072863431;-1,72761969652113923;0,08498733792975850;1,41498654308374516;0,52409988799863894;Caracas;Chacao;22;Estudiante Universitario;Sí;Soltero;Masculino;Comida;Negativo;Sí;Negativa;Sí;12;0;0;Sí;2;0;0;12;350$
4958756186897115588;-0,28509493436770400;1,30651151222199724;-0,99469268783287501;0,23477866417343415;-1,04377081625384460;-0,37493161204350006;Caracas;Sucre;58;Licenciado;Sí;Casado;Masculino;Comida;Negativo;Sí;Negativa;Sí;20;3;3;Sí;3;1;0;6;2,000
4958753811349532185;-0,19783967071988073;-1,35773087278870697;0,04091067322713880;0,60568586021569804;0,08826704694418736;0,19418767622803898;Caracas;Baruta;21;Estudiante Universitario;Sí;Soltero;Femenino;Educación;Negativo;Sí;Negativa;Sí;2;0;0;No;NA;NA;NA;7;2500
4958745292132954240;-0,39638186547134169;-0,82331474839861141;-0,36058110298616475;0,34640970384789749;-0,29589205918561806;0,02710137090233132;Av principal de los dos caminos quinta mi casota;Sucre;22;Estudiante Universitario;Sí;Soltero;Masculino;Comida;Negativo;No;Negativa;Sí;10;5;2;No;NA;NA;NA;7;800
4958730830317525576;-0,04741938934593061;-0,22626439002728643;0,03058541678904840;0,20442592390579217;0,44957561743722391;0,09679495418517158;Caracas;Sucre;25;Con estudios de especialización;Sí;Soltero;Masculino;Comida;Negativo;No;Negativa;Sí;20;4;1;Sí;3;1;0;8;2500
4958706284513496184;-1,00433639428743526;2,20289756588805608;0,43424939206770918;-0,13777574997367303;1,35533712317186850;1,02036737761409757;Caracas;El Hatillo;21;Estudiante Universitario;Sí;Soltero;Masculino;Educación;Negativo;Sí;Negativa;Sí;5;4;1;No;NA;NA;NA;7;NA
4958673434324752897;1,93391855751876496;-0,89321174594770902;0,08274263619498672;0,47847336938809365;2,46412611366190681;1,57868893651431574;Caracas;Sucre;22;Estudiante Universitario;Sí;Soltero;Masculino;Comida;Negativo;No;Negativa;Sí;7;4;4;Sí;2;0;0;6;.
4958672937112282252;1,82576597332547541;-1,34505259856118897;-0,94219459864248145;0,39795452478812721;-1,11908553032709945;-0,09656187428228309;Caracas;Baruta;62;Bachiller;Sí;Casado;Masculino;Educación;Negativo;No;Negativa;Sí;1;0;0;Sí;1;0;0;9;250
4958648445617854063;-0,11430183986265341;1,91219209424717707;-1,16973663640448544;-0,89976283205893060;-0,68999265198842530;-0,62922949937955186;Caracas;Libertador;22;Bachiller;Sí;Soltero;Femenino;Comida;Negativo;No;Positiva;No;NA;NA;NA;No;NA;NA;NA;10;500
4958647503413494628;-0,89705462528352253;0,00967035343542908;1,33202674615324912;-0,13214459669572473;-0,18106157764432834;-0,00666283456585110;Caracas;Libertador;22;Estudiante Universitario;Sí;Soltero;Masculino;Comida;Negativo;No;Negativa;Sí;18;10;6;No;NA;NA;NA;8;300$
4958646952018991324;0,59021607485132910;0,81091829138327842;-0,51967518582030081;-0,29741633332207457;1,66412062150735940;0,50713589201735387;Caracas;Baruta;23;Licenciado;No;Soltero;Masculino;Comida;Positivo;No;Positiva;Sí;5;5;1;No;NA;NA;NA;6;50
4958497215614727396;-0,56468476872448492;-1,01524006952507539;0,02399575787831033;-0,50949214844731860;-0,16450818151221755;0,08458668632938314;Caracas;Sucre;60;Bachiller;Sí;Casado;Masculino;Educación;Negativo;No;Negativa;Sí;4;0;0;Sí;3;0;0;7;500
4958186534712325606;0,34964326232223947;-0,48615649998858090;1,25289963610346100;0,78521476524624900;0,56982245756009831;0,57445819495984396;Caracas;Sucre;21;Estudiante Universitario;Sí;Soltero;Femenino;Educación;Negativo;Sí;Negativa;Sí;5;0;0;Sí;3;0;0;9;5000
4958166986705793027;-1,08673310812591661;1,50816150832713491;0,77826054370006426;-0,76259957186661231;3,12802655954040487;0,48915027093742491;Caracas;Libertador;21;Estudiante Universitario;Sí;Soltero;Femenino;Comida;Negativo;Sí;Negativa;Sí;3;0;0;Sí;0;1;1;11;400$
4958162047215943350;1,24877290804778207;-0,09110037487415630;-0,01697757081597362;-0,49783843741876216;-0,00589205608617943;-0,32908634142675147;Caracas;Chacao;22;Estudiante Universitario;Sí;Soltero;Femenino;Educación;Negativo;Sí;Negativa;Sí;3;0;0;No;NA;NA;NA;6;400
4958137723317779405;-0,34436654738240835;-0,90007319992294976;-0,68965279499918286;0,03424999527758581;-1,87278177502899856;-0,64811794847401105;Caracas;Libertador;20;Estudiante Universitario;Sí;Soltero;Masculino;Comida;Negativo;Sí;Negativa;Sí;5;0;0;Sí;2;0;0;7;700$
4958132887514404450;1,71121261299506244;0,22628782658499286;-0,52714345331540546;-0,39620152024591870;-0,26283629637189698;-0,23114261942358139;Caracas;Libertador;24;Bachiller;Sí;Soltero;Femenino;Educación;Negativo;Sí;Negativa;Sí;2;0;0;No;NA;NA;NA;8;No voy a contestar esto
4958131332421894777;-1,48281381871364504;-1,10121534252435183;-0,62063297071400969;-0,49921368122187365;-0,54970226007693090;-0,02291826434203347;Caracas;Libertador;22;Licenciado;Sí;Soltero;Masculino;Comida;Negativo;No;Negativa;Sí;10;2;0;Sí;3;1;0;7;500
4958131111711309023;0,80555199740834615;0,89699606268468413;-0,96394517240480404;-0,60711533309696364;0,52969517742278671;0,38445204790956750;Puerto Ordaz;Libertador;23;Estudiante Universitario;Sí;Soltero;Femenino;Educación;Negativo;Sí;Negativa;Sí;10;6;1;Sí;1;1;0;7;No se
4958128995667324902;0,95614374084667708;0,10336065624846930;-1,58676758905296067;0,06616541667998695;1,42119061916451983;0,23578143481035957;Caracas;Sucre;22;Estudiante Universitario;Sí;Soltero;Femenino;Educación;Positivo;No;Negativa;Sí;5;1;0;No;NA;NA;NA;8;NA
4958103041909602973;0,54449545328961413;0,42419893126342173;-0,07410445537326815;NA;NA;NA;guarenas;Sucre;25;Estudiante Universitario;No;Soltero;Femenino;Educación;Negativo;Sí;Negativa;Sí;9;3;2;Sí;3;2;0;8;700
4958046942426579078;-1,43895770834779779;-0,46589792556109377;-1,06266864947472772;-0,24807743236103461;-1,29619670445920554;-0,57583604015483214;Caracas;Baruta;24;Estudiante Universitario;Sí;Soltero;Femenino;Educación;Negativo;Sí;Negativa;Sí;2;0;0;Sí;10;1;0;11;70$
4958010661418318010;0,53908581186072191;-1,07913204273867103;0,54959278487705210;0,33581392892390449;-0,10177607412677758;-0,12394384194519849;Caracas;Chacao;25;Estudiante Universitario;Sí;Soltero;Masculino;Comida;Positivo;Sí;Positiva;Sí;2;0;0;Sí;1;0;0;8;150
4957983073327809266;0,41871689192224953;0,03370228724604354;0,18513497688966629;-0,18384163185136757;-1,13096385818042400;-0,26465499162081396;Caracas;Chacao;60;Licenciado;Sí;En unión libre;Femenino;Comida;Negativo;Sí;Negativa;Sí;5;1;1;No;NA;NA;NA;8;150
4957918723716997000;0,26025040488084794;1,45508777746760298;0,11945394611795107;0,44195324360525662;-1,90030019118487070;-0,80629522424296951;Guarenas;Sucre;23;Estudiante Universitario;Sí;Soltero;Femenino;Comida;Negativo;Sí;Negativa;Sí;1;0;0;Sí;3;0;0;8;NA
4957918016713210103;0,45129695788799207;1,16735819041838940;-1,09083252198593739;1,37597203860716055;0,48352336878749813;0,31224075451102123;Ciudad Charallave;Libertador;55;Estudiante Universitario;Sí;Casado;Femenino;Comida;Positivo;No;Negativa;Sí;0;0;0;Sí;4;4;3;8;400
4957914059418474121;-0,80651921519170200;-0,46787418271493159;0,72469223286214779;-0,62678585985563151;-0,38431986472290780;-0,45356587346879756;Caracas;Baruta;26;Estudiante Universitario;Sí;Soltero;Femenino;Comida;Positivo;Sí;Negativa;Sí;3;0;0;No;NA;NA;NA;10;NA
4957913646017386607;1,62764133077640794;-0,20041851813007133;0,83126538741156253;0,22234620432499150;0,29540407420530940;0,49893655018773581;Caracas;Sucre;24;Bachiller;Sí;Soltero;Femenino;Comida;Negativo;Sí;Negativa;Sí;15;3;1;Sí;10;0;0;10;1000
4957912807131511871;-0,84578541649249439;1,63445819506332057;-0,42365987497633445;-1,20315868697257655;-0,28527751491131315;-0,52725870062244529;Caracas;Libertador;22;Licenciado;Sí;Soltero;Femenino;Comida;Negativo;Sí;Negativa;No;NA;NA;NA;Sí;3;0;0;12;100
4957582353933092004;0,07472035540921909;1,64673823222155646;0,56536584605396556;0,76283421431662557;0,70766447472597593;1,22899677008444708;Caracas;Libertador;20;Estudiante Universitario;Sí;Soltero;Masculino;Comida;Positivo;Sí;Negativa;No;NA;NA;NA;No;NA;NA;NA;10;500
4957314573813105733;0,22987694200590125;-1,45719313758972202;0,86275744428017909;-0,30141526991347423;0,60930325243056960;-0,10492033342357593;Caracas/Prados del Este;Baruta;21;Estudiante Universitario;Sí;Soltero;Masculino;Educación;Positivo;No;Negativa;Sí;75;6;4;Sí;18;2;1;7;NA
4957277657864140547;0,10492577237345968;-0,94117049662241747;0,63172175691258070;-0,30249934026802650;-1,13720067709838868;-0,48901658504387618;Baruta;Baruta;23;Estudiante Universitario;Sí;Soltero;Masculino;Educación;Positivo;No;Negativa;Sí;10;5;1;Sí;0;1;0;5;3000
4957277481228717825;1,59519241807558454;-1,36067284964711255;0,80081735176185664;-0,34426348462757878;1,69441847914667831;0,44013511323611931;Caracas;Libertador;22;Bachiller;Sí;Soltero;Masculino;Educación;Negativo;Sí;Negativa;Sí;10;3;2;No;NA;NA;NA;8;NA
4957276139325933094;-0,99941575797553694;1,52073512315212045;-0,71209722613047444;NA;NA;NA;Colinas de bello monte;Baruta;19;Estudiante Universitario;Sí;Soltero;Masculino;Comida;Negativo;Sí;Negativa;Sí;2;3;2;Sí;2;0;0;10;NA
4957275009018915442;-1,14876681656940960;-0,06925185698288625;0,28761726348353800;-0,53717018916245862;-0,24812685635558684;0,09898635869035086;Caracas;Sucre;20;Estudiante Universitario;Sí;Soltero;Masculino;Educación;Positivo;Sí;Negativa;Sí;2;1;0;No;NA;NA;NA;6;NA
4957272222812624128;-2,10557535256095552;-0,38212721758081863;0,99223882428809373;0,20188693590043247;0,13287527660414430;0,65905838989702459;Caracas;Baruta;20;Estudiante Universitario;Sí;Soltero;Masculino;Comida;Negativo;Sí;Negativa;No;NA;NA;NA;Sí;2;7;1;11;2000
4957268971213279142;-1,05157013067421401;0,81663390863573670;0,74474216201130983;0,04863198753895399;-1,46501182117301987;-0,51452856474272901;Caracas;Baruta;22;Estudiante Universitario;Sí;Soltero;Masculino;Comida;Negativo;No;Negativa;Sí;8;0;0;No;NA;NA;NA;7;5000
4957238259415869229;0,78438710539724632;1,52173482524822812;0,46179724833318503;0,76672411271804197;0,55190816084713812;1,28079504098683183;Caracas;Sucre;22;Estudiante Universitario;Sí;Soltero;Femenino;Educación;Positivo;No;Negativa;Sí;4;0;0;Sí;5;1;0;7;200
4957209608817519060;-1,34074469283997333;-0,41822678369880711;1,24116817778264887;-0,15698889248668438;-0,44551916193515173;-0,39555291078073651;Caracas;Baruta;22;Estudiante Universitario;Sí;Soltero;Femenino;Comida;Positivo;No;Negativa;Sí;10;3;1;Sí;4;0;0;9;300
4957207284788892130;0,01462015760293171;0,94521035508107687;-0,79981872652239361;0,03952247840691071;2,19166396316632817;0,96037519310931907;caracas;Baruta;46;Licenciado;Sí;Casado;Femenino;Comida;Negativo;Sí;Positiva;Sí;15;2;1;Sí;4;0;0;7;600
4957196156743433747;1,31978201907099635;1,19839932401452454;0,74795170638142983;0,51083362730580018;0,83702769895214291;0,18462800411917890;Caracas- Santa Rosa de Lima (Las Mercedes);Baruta;25;Estudiante Universitario;Sí;Soltero;Femenino;Educación;Negativo;No;Negativa;Sí;1;0;2;No;NA;NA;NA;7;80 dolares
4957021796673717382;-0,35304060833377415;-0,49711380238056507;0,05894633010783927;-0,77904388107823308;-0,36608378786021301;-0,37165379309474639;Caracas;Libertador;26;Licenciado;Sí;Soltero;Femenino;Comida;Negativo;Sí;Negativa;No;NA;NA;NA;No;NA;NA;NA;11;150$
4956975088816698542;-0,48724730697904156;-0,13415437118574924;-0,02366467059181921;0,23798847875660198;1,22863695351624447;0,73587156425630973;Caracas;Baruta;23;Estudiante Universitario;Sí;Soltero;Femenino;Educación;Negativo;No;Negativa;Sí;8;0;0;Sí;3;0;0;10;400
4956272808311913549;-1,91941399201856644;0,82618844048156703;-0,39407755579096054;-1,45718204933109052;1,61886098782278731;0,54365313880866983;Guarenas;Chacao;22;Estudiante Universitario;Sí;Soltero;Masculino;Educación;Negativo;Sí;Negativa;Sí;2;1;0;Sí;10;1;1;8;200$
4956266126112191036;-0,43291137046613803;-0,58946627206617175;0,86666020264145549;-0,22765398940786211;-1,84107030041809061;0,00486232897943606;Caracas;Sucre;48;Con estudios de especialización;Sí;En unión libre;Masculino;Comida;Negativo;No;Negativa;Sí;15;3;1;No;NA;NA;NA;8;400
4956264967019815282;0,71002142168093352;-0,22622421000752485;0,73345610455406440;NA;NA;NA;Caracas;Baruta;50;Con estudios de especialización;Sí;Soltero;Femenino;Comida;Positivo;No;Positiva;Sí;5;2;2;No;NA;NA;NA;8;600
4956186007224321112;-0,30986225791072930;-1,68457046320603188;0,12308283759453019;-0,49463871480923788;-0,74194589146102530;-0,36780141175557263;Caracas;Sucre;53;Licenciado;Sí;Soltero;Femenino;Comida;Positivo;No;Negativa;Sí;15;8;5;Sí;9;2;1;7;300$
4956117333423864528;1,84448171293746976;-0,52795396821729990;0,82030479589159411;-1,33484288758218117;-0,06072191777772318;-0,34499584465784455;Caracas;El Hatillo;42;Con estudios de especialización;Sí;Casado;Masculino;Educación;Negativo;Sí;Negativa;Sí;20;10;5;Sí;2;0;1;7;1200
4956114584837568160;0,59512128855684421;0,46682987926939123;-1,10615327267778030;-0,74396517868224987;0,77594651135516479;0,38668239839783075;Caracas;Sucre;21;Estudiante Universitario;Sí;Soltero;Femenino;Comida;Negativo;Sí;Negativa;Sí;5;0;0;Sí;6;1;1;7;1000
4956098075119709192;-1,25881771266829223;-0,78494337201418329;0,35516691253538402;-0,40684542847015231;-0,40202901985683326;-0,84197353697136834;Caracas;Libertador;24;Licenciado;Sí;Soltero;Femenino;Comida;Negativo;No;Negativa;Sí;4;0;0;Sí;2;1;0;7;NA
4956084697111595165;0,35775153429879897;-0,01659194665975484;0,65386864277171308;0,30610555579578413;0,52735597034621884;0,68036510152434315;Caracas;Libertador;29;Licenciado;Sí;Soltero;Femenino;Comida;Negativo;No;Negativa;Sí;20;5;3;Sí;3;1;0;7;400$
4956023247696922870;-0,24263130196162658;1,15941172743163445;0,42536751239893661;1,20896997004348661;1,05175375218490919;0,52791413772803120;Caracas;Baruta;20;Con estudios de especialización;Sí;Soltero;Masculino;Educación;Negativo;Sí;Negativa;Sí;6;0;0;Sí;2;0;0;7;0
4956003021113902203;0,42152825946270039;0,52024133886341017;0,27926383477485267;-0,24715860263610664;-1,41056871431134723;-0,72587614905893616;Miranda;Baruta;21;Estudiante Universitario;Sí;Soltero;Femenino;Comida;Negativo;Sí;Negativa;Sí;20;0;0;Sí;10;0;0;8;NA
4955513756103033104;-1,39618899637271587;1,18782885678391037;0,12719559969496580;0,22337351471384162;0,96363786195319590;0,09508238786159079;Caracas;El Hatillo;22;Estudiante Universitario;Sí;Soltero;Femenino;Comida;Negativo;No;Negativa;No;NA;NA;NA;No;NA;NA;NA;10;750
4955472729023917073;-2,21942888882643574;-0,91050785850935778;2,00282749431360241;0,02511380993243652;0,73959458412915657;0,17853825055859351;Distrito capital;Libertador;22;Estudiante Universitario;Sí;Soltero;Femenino;Educación;Negativo;No;Negativa;Sí;8;3;0;No;NA;NA;NA;12;20$
4955471974512641989;-1,26945996726720223;-0,22672888130895572;-0,02800976373795110;-0,08538474814066202;1,55853313493389800;0,62692935539179651;Caracas;Chacao;42;Licenciado;Sí;Divorciado;Femenino;Comida;Negativo;No;Negativa;Sí;3;0;0;Sí;5;3;1;6;800$
4955328544481039435;0,71002142168093352;-0,22622421000752485;0,73345610455406440;NA;NA;NA;Caracas;Baruta;50;Con estudios de especialización;Sí;Soltero;Femenino;Comida;Positivo;No;Positiva;Sí;5;2;2;No;NA;NA;NA;8;600
4955310437862262977;-0,93302081951047167;-0,51376041664345473;0,16212756225514902;-0,76977564267147869;-0,63048463282472134;-0,26187910774994233;Santa Mónica;Libertador;56;Con estudios de especialización;Sí;Divorciado;Femenino;Educación;Positivo;No;Negativa;Sí;3;0;0;Sí;1;0;0;8;40
4955185064427672054;-0,52685361344210613;-0,93227873728190780;0,13244597259808144;-0,34895420370217844;-0,60628393786703372;-0,97808472660649481;Caracas;Sucre;42;Licenciado;Sí;Soltero;Femenino;Comida;Positivo;No;Negativa;Sí;5;1;1;No;NA;NA;NA;11;500$
4955173920726706839;1,31003989459293013;-0,54367812869262733;0,18507527382000044;-0,07147845315612400;-0,97062830987863513;0,06534801553860413;Caracas;Libertador;64;Con estudios de especialización;Sí;Casado;Masculino;Comida;Negativo;Sí;Negativa;Sí;20;20;6;No;NA;NA;NA;6;600
4955173195077268993;1,84448171293746976;-0,52795396821729990;0,82030479589159411;-1,33484288758218117;-0,06072191777772318;-0,34499584465784455;Caracas;El Hatillo;42;Con estudios de especialización;Sí;Casado;Masculino;Educación;Negativo;Sí;Negativa;Sí;20;10;5;Sí;2;0;1;7;1200
4955155167018347718;0,49239197253875294;0,42429929358109847;1,12459047817365310;-0,28918296673245253;-0,10170523509751965;-0,14384732671923361;Caracas;El Hatillo;43;Licenciado;Sí;En unión libre;Femenino;Comida;Positivo;No;Negativa;Sí;15;1;1;Sí;6;0;0;7;1200
4955151676294172272;0,29536888594638389;-0,24318070949320825;0,22502916727692499;-1,04999374476681329;0,16949152825102423;-0,43288717918961650;Caracas;Chacao;20;Estudiante Universitario;Sí;Soltero;Femenino;Educación;Negativo;No;Negativa;No;NA;NA;NA;Sí;1;0;0;7;300
4955148093888050858;1,01397512679552659;-2,17349120688899067;1,25968689347727203;-0,78045890546482655;-0,70151031106880990;-0,56999085528186677;Caracas;Libertador;55;Educación básica;Sí;Casado;Masculino;Educación;Negativo;Sí;Negativa;Sí;3;1;0;No;NA;NA;NA;9;500
4955147352314303460;2,18903154774539033;-0,16632886728759880;-1,23932080817895685;NA;NA;NA;Caracas;Libertador;47;Con estudios de especialización;Sí;Casado;Femenino;Comida;Negativo;No;Negativa;Sí;5;3;2;No;NA;NA;NA;10;NA
4955143666029910139;0,95674561918785928;-0,74973817349200189;0,38026825717525548;-0,70015374955966803;-1,05782120367014754;-1,09669276788589531;Caracas;Sucre;52;Estudiante Universitario;Sí;Casado;Femenino;Comida;Negativo;Sí;Negativa;No;NA;NA;NA;No;NA;NA;NA;9;Depende
4955142613886536054;1,16216868966445319;1,62183811943508815;0,67032126055432650;NA;NA;NA;Caracas;Libertador;52;Con estudios de especialización;Sí;Casado;Femenino;Comida;Negativo;Sí;Negativa;Sí;2;1;0;No;NA;NA;NA;8;500
4955125186641980246;-0,57297035605500368;0,09378801119127923;0,39994850475699828;0,09104345756482553;-0,15659931881606617;-0,34625020634925524;Caracas;El Hatillo;20;Estudiante Universitario;Sí;Soltero;Masculino;Comida;Positivo;No;Negativa;Sí;20;13;6;Sí;9;0;0;7;NA
4955102007122726049;-0,98244156261648929;0,37544086813601957;-0,54240445951261274;-0,48443424555513659;-2,52151368199931225;-0,95587625851519720;Caracas;Baruta;20;Estudiante Universitario;Sí;Soltero;Femenino;Educación;Negativo;Sí;Negativa;Sí;2;0;0;No;NA;NA;NA;9;NA
4954761744104088439;-1,08500652157123079;-0,93585020388337237;-0,44670681868833889;-1,45568230104158847;-1,27061468098796371;-0,85954237464252381;Caracas;El Hatillo;21;Estudiante Universitario;Sí;Soltero;Masculino;Comida;Negativo;No;Negativa;No;NA;NA;NA;No;NA;NA;NA;9;1000$
4954638459423844653;-0,17003132793799283;0,84352681301500854;1,13167094087962372;0,11304931669961873;-0,43112761372324615;-0,35803335043546752;Caracas;Sucre;22;Estudiante Universitario;Sí;Soltero;Masculino;Comida;Positivo;Sí;Negativa;Sí;2;0;0;No;NA;NA;NA;10;200$
4954631670227189663;-0,08125180034026142;0,46351766735059802;0,78667690776049337;0,15808225802310885;2,79398256580363347;1,41903378141889269;Caracas;El Hatillo;21;Bachiller;Sí;Soltero;Femenino;Educación;Negativo;Sí;Negativa;Sí;6;0;0;Sí;4;0;0;9;NA
4954579272715725697;-1,18112476517560783;2,24719986185069676;-0,24925067754185898;-0,04211048775989921;0,41079895998502169;-0,10494469480378363;Caracas;Baruta;20;Estudiante Universitario;Sí;Soltero;Femenino;Comida;Negativo;Sí;Negativa;Sí;2;2;1;Sí;6;0;0;10;200$
4954577454154469458;-0,25818653986713197;-2,14201345481896110;-0,51848812102355080;NA;NA;NA;Caracas;Baruta;68;Con estudios de especialización;Sí;Soltero;Femenino;Comida;Negativo;No;Negativa;No;NA;NA;NA;Sí;2;0;0;6;1000
4954563677229369763;-0,69987058562117355;0,84275760757777840;0,37010339583850960;-0,21681683500495946;0,57798137911866576;0,40315816666507526;Caracas;El Hatillo;21;Estudiante Universitario;Sí;Soltero;Masculino;Comida;Negativo;Sí;Negativa;Sí;15;0;0;Sí;0;1;1;7;8000
4954549799963424190;-0,73403890316541942;0,88919569046615243;0,16966883232384850;-0,24091825681107557;0,33142508104155560;-0,15294861357715736;Caracas;El Hatillo;21;Estudiante Universitario;Sí;Soltero;Femenino;Educación;Negativo;Sí;Negativa;Sí;20;1;3;Sí;1;0;0;7;NA
4954536955187520975;1,46226106317814475;-1,14274730847823447;0,35429747049392857;0,46778622864074532;0,45393361433570867;0,34289523041485043;Caracas;El Hatillo;20;Estudiante Universitario;Sí;Soltero;Femenino;Educación;Negativo;Sí;Negativa;Sí;7;0;0;No;NA;NA;NA;7;300-600$
4954530799963995579;-0,53291385877725139;-1,12589675239900444;-0,07442865138475045;-0,78168224853654278;0,43570999353951428;-0,29770132610326933;Caracas;El Hatillo;20;Estudiante Universitario;Sí;Soltero;Masculino;Educación;Negativo;Sí;Negativa;Sí;20;1;0;Sí;5;0;0;10;1000
4954477438415443918;1,08169815020190874;-0,34334331353992731;-0,48264249701361089;0,58205833574509580;0,93358901924675075;0,07146158804897766;Caracas;El Hatillo;20;Estudiante Universitario;Sí;Soltero;Femenino;Educación;Negativo;Sí;Negativa;Sí;3;0;0;Sí;4;0;0;7;+1000
4954458963873235532;1,01019972028483140;0,48196827019186217;-0,46979731216464998;0,28468674332822042;-0,62557124654677143;0,00564483450133034;Caracas;Sucre;21;Estudiante Universitario;Sí;Soltero;Masculino;Comida;Negativo;Sí;Negativa;No;NA;NA;NA;No;NA;NA;NA;7;2000$
4954454786705357467;0,37704996170231392;-0,18798995784075540;0,92714143216943357;-0,70424734578427228;2,45437952225244826;0,73487305631088740;Caracas;Baruta;21;Estudiante Universitario;Sí;Soltero;Femenino;Educación;Negativo;Sí;Negativa;Sí;5;0;0;Sí;3;0;0;6;NA
4954449206751987606;-1,12881274789870512;0,26753238308798677;-1,27256185840029246;-0,67061352743104985;-0,71168271688925744;-0,66360622641235756;Caracas;El Hatillo;19;Estudiante Universitario;Sí;Soltero;Masculino;Gasolina, otros;Negativo;Sí;Negativa;No;NA;NA;NA;No;NA;NA;NA;10;NA
4954441337519193318;-1,34694538884788373;-0,78700639614124035;0,25313456255976913;0,49114469342615125;-1,17587828024483665;-0,60850235822342946;Caracas;Sucre;21;Estudiante Universitario;Sí;Soltero;Femenino;Comida;Negativo;Sí;Negativa;Sí;10;5;3;Sí;20;3;2;8;700
4954440303712700813;0,65249278081968587;0,26232741856203928;0,43471300141069624;0,24369828154762690;-0,44607523946311900;0,37553993795865387;Caracas;Libertador;22;Estudiante Universitario;Sí;Soltero;Femenino;Comida;Negativo;Sí;Negativa;Sí;4;0;0;No;NA;NA;NA;5;5000 mensual
4954415192523046017;0,34376245460053062;1,46696628024366471;-0,62736189170589995;0,22461533746293974;1,17880611500824584;0,64428380106522420;Caracas;Chacao;20;Estudiante Universitario;Sí;Soltero;Femenino;Educación;Positivo;No;Negativa;No;NA;NA;NA;No;NA;NA;NA;6;NA
4954401241559596666;0,77197234741836307;1,11857334619948667;1,01241620235098995;0,37614305383446728;0,45442959465458033;-0,33168524068765709;CARACAS;Chacao;23;Estudiante Universitario;No;Soltero;Masculino;Educación;Positivo;No;Positiva;Sí;12;1;1;No;NA;NA;NA;6;10000
4954389442526761882;-0,14956535108285934;-0,77209415079465105;0,01501269625714217;0,55428279110267165;-0,23241310338417998;0,20788427669907511;Caracas;Chacao;20;Estudiante Universitario;Sí;Soltero;Femenino;Educación;Negativo;Sí;Negativa;Sí;10;4;1;No;NA;NA;NA;8;No se
4954382516288304261;-0,56211260137755437;-0,97962472240387588;1,42758017868448417;-0,14722502335429241;-1,16105008396063569;-0,61569426248461201;Caracas;Chacao;50;Licenciado;Sí;Casado;Femenino;Comida;Negativo;No;Negativa;Sí;61;1;1;No;NA;NA;NA;7;NA
4954375559238493901;0,36721270821524871;1,92557867867017052;0,18026803483168741;-0,72610269518519654;0,57572608953132287;-0,58784858788482697;Caracas;El Hatillo;20;Estudiante Universitario;Sí;Soltero;Femenino;Comida;Negativo;No;Negativa;Sí;10;0;0;Sí;3;2;0;8;$5.000
4954362426174561541;1,55241883334939890;0,69548584592262819;0,53204445396370648;0,10437804777851556;0,94560754040943706;0,61448717845356271;Caracas;El Hatillo;20;Estudiante Universitario;Sí;Soltero;Femenino;Educación;Positivo;Sí;Negativa;Sí;6;2;0;No;NA;NA;NA;7;.
4954334405411792406;-0,55011307441389068;0,02957540074160712;0,30280889364075259;-0,23700591720553668;0,49616813709825480;0,40189722145167645;Caracas;El Hatillo;20;Estudiante Universitario;Sí;Soltero;Femenino;Educación;Positivo;No;Negativa;Sí;10;2;2;Sí;1;0;0;7;NA
4954312946013508775;-0,23788913347499613;1,03330244597476573;0,39889553040710735;0,01804758991983606;-2,83847838494204119;-0,75329718671745494;Caracas;Libertador;20;Estudiante Universitario;Sí;Soltero;Femenino;Comida;Negativo;No;Negativa;Sí;5;3;2;No;NA;NA;NA;8;NA
4954304221958982032;-0,27986178152816688;-0,31906195669042292;-0,03902448412111440;-0,82236554864107358;-0,45141518850273027;-0,58377951671067041;Caracas;Chacao;20;Estudiante Universitario;Sí;Soltero;Masculino;Educación;Negativo;Sí;Negativa;Sí;3;4;4;Sí;7;4;5;11;300
4954248887517019768;1,52874608567057124;-0,13343420375409459;0,59808430408507429;-0,17780696400536111;-1,37677542148726673;0,25420386961404928;Caracas;Baruta;46;Con estudios de especialización;Sí;Casado;Femenino;Comida;Negativo;Sí;Negativa;Sí;12;2;0;Sí;2;0;0;7;1000
4954228598335783939;1,06117945179510320;0,23492601301529134;-0,60701649184358819;-0,80819527470128572;1,14086120128915991;-0,00503447796467864;Caracas;Baruta;24;Con estudios de especialización;Sí;Soltero;Femenino;Comida;Positivo;Sí;Negativa;Sí;3;0;0;No;NA;NA;NA;8;NA
4954213312421105350;-0,80009151937438872;-0,66689344677480045;0,14442106280171285;0,17396523916820597;-0,13884030175790052;-0,07548732675136526;Caracas;El Hatillo;19;Estudiante Universitario;Sí;Soltero;Femenino;Comida;Negativo;Sí;Negativa;Sí;15;10;7;No;NA;NA;NA;8;700$
4954088023576375979;0,38756211084649461;1,16069606800371616;-0,36205489648339911;0,86167048977741567;0,17157907148389198;0,32079411542828612;Caracas;Sucre;22;Bachiller;Sí;Soltero;Femenino;Comida;Negativo;Sí;Negativa;Sí;15;5;2;Sí;1;1;0;11;NA
4953941831588633740;-0,11373153049615922;0,63734106412575420;0,59211341372533521;0,46821036661493282;1,91746906074559464;1,17180434605033645;Caracas;Baruta;19;Estudiante Universitario;Sí;Soltero;Femenino;Comida;Negativo;No;Negativa;No;NA;NA;NA;No;NA;NA;NA;13;NA
4953919602226135288;-1,16648837281540585;-1,04043040267528664;0,38404305200985378;NA;NA;NA;Caracas;Sucre;20;Estudiante Universitario;Sí;Soltero;Femenino;Comida;Positivo;Sí;Negativa;Sí;2;0;0;Sí;3;0;0;12;100
4953874732718484509;0,87295164874185460;-0,82366957437908750;-0,54839487201555559;0,28843160309595406;0,68686291152183221;0,14732549152405650;Caracas;Baruta;21;Estudiante Universitario;Sí;Soltero;Masculino;Comida;Positivo;Sí;Negativa;Sí;6;3;3;Sí;2;0;0;9;2000
4953867747864443301;-1,29872592805758691;0,86883134390523931;0,71768395267824381;0,31063214091973890;0,58990490150183983;0,03073519767560238;Caracas;Baruta;20;Estudiante Universitario;Sí;En unión libre;Masculino;Educación;Negativo;Sí;Negativa;Sí;5;2;0;Sí;3;1;0;6;NA
4953848675025242019;-0,96321619965010186;-0,84522725995178383;-0,22757074713232114;-0,69640636835577718;-0,89451986120367233;-0,76563311146426694;La dolorita;Sucre;18;Bachiller;Sí;Soltero;Femenino;Comida;Positivo;Sí;Negativa;No;NA;NA;NA;Sí;1;0;0;8;30$
4953845668511696609;-1,06108431772179923;-0,96805634881779590;-0,43065264296179157;-0,39173544665221222;0,41520164828450590;0,08553244571371144;Caracas;Libertador;21;Estudiante Universitario;Sí;Soltero;Masculino;Comida;Positivo;No;Negativa;Sí;3;3;2;No;NA;NA;NA;5;1000
4953832584166645439;1,38855182903143026;0,46861006916433129;0,59600437131560546;0,80724342538446581;1,57221093039225845;0,87881771141141951;Caracas;Sucre;22;Estudiante Universitario;Sí;Soltero;Masculino;Educación;Negativo;Sí;Negativa;Sí;4;0;0;No;NA;NA;NA;6;1000$
4953822625227240037;1,20583831304433464;1,07099676209107786;-1,05197386193346265;-0,83878663978008428;-1,79015825996809008;-0,98051771608575999;Caracas;Sucre;27;Estudiante Universitario;Sí;Soltero;Masculino;Comida;Negativo;Sí;Negativa;Sí;0;1;0;Sí;0;3;0;10;NA
4953801936895620660;0,86211675802510646;1,68432124685058793;-0,47347399804498980;0,90115187085142201;-0,82539774363806029;0,27107064021393523;Caracas;Sucre;21;Estudiante Universitario;Sí;Soltero;Masculino;Comida;Negativo;Sí;Negativa;Sí;10;4;2;Sí;3;1;0;5;2000
4953767695016359175;1,28481039118097184;0,28425307953994400;0,86489120705600930;-0,02096457361065778;1,42878647392396330;0,73873623840707925;El hatillo;El Hatillo;23;Estudiante Universitario;Sí;Soltero;Masculino;Comida;Positivo;Sí;Negativa;Sí;5;0;0;Sí;4;2;2;7;200$
4953760414618006348;-0,92487770526820179;-0,42263349429676034;0,21263846088299798;NA;NA;NA;Caracas;Baruta;21;Bachiller;Sí;Soltero;Masculino;Comida;Negativo;Sí;Negativa;Sí;3;1;1;No;NA;NA;NA;8;NA
4953746746518151364;2,16510203904317233;-1,46543872912975437;0,02612261649749363;0,36771032193406122;-0,48781874128800434;0,27430489837011457;Carracas;Sucre;47;Con estudios de especialización;Sí;Soltero;Femenino;Comida;Positivo;No;Positiva;Sí;40;15;4;Sí;9;0;0;6;No aplica
4953742020023735801;-0,40415468055667453;-1,77617297706077792;0,01222207931575826;-0,09801853067063948;-0,48836130322639693;-0,16571192431137102;Caracas;Libertador;61;Licenciado;No;Soltero;Masculino;Comida;Positivo;Sí;Negativa;No;NA;NA;NA;No;NA;NA;NA;7;NA
4953738924296642189;-0,63819284972736456;0,33204498285473771;-1,29486372032663222;-0,77645627461066091;1,20588539371729953;-0,27305181800855932;Caracas;Baruta;22;Estudiante Universitario;Sí;Soltero;Femenino;Comida;Negativo;Sí;Negativa;Sí;2;1;0;No;NA;NA;NA;8;2000$
4953738131213829743;-0,19677279232864092;0,82396567860370795;0,55329630018192966;0,13175625032779451;0,12203206276576489;0,35861214439476125;Caracas;Baruta;47;Con estudios de especialización;Sí;Casado;Femenino;Comida;Negativo;No;Negativa;Sí;50;15;5;No;NA;NA;NA;7;2500
4953732914114448734;0,69604618860773282;0,33140785351475754;-0,73173064403138555;0,14262589187895719;-1,96031526812464607;-0,48181353896803597;Caracas;Baruta;24;Bachiller;Sí;Soltero;Masculino;Comida;Negativo;Sí;Negativa;Sí;0;1;0;No;NA;NA;NA;5;600$
4953732919012823841;1,14701800700367418;0,12632860265371459;-0,05441186548521456;-0,48105394143388192;-0,18852308719809083;-0,76680976621907004;Caracas;El Hatillo;75;Licenciado;Sí;Casado;Femenino;Comida;Negativo;No;Negativa;Sí;8;0;0;Sí;8;0;0;7;$800
4953726303011475473;0,44409199080904527;-0,33998425227953433;-0,08916644157472894;0,52586613015432038;-0,60811720643597589;-0,02845938599633771;Caracas;Baruta;27;Licenciado;Sí;Casado;Femenino;Miscelaneos;Negativo;No;Negativa;Sí;50;2;0;Sí;2;0;0;7;3000
4953722371716010803;1,44654634197022447;1,66782040233275497;-1,78165480867893433;-0,71046412681652837;0,82399550318781101;0,21239287200361673;Caracas;Chacao;20;Estudiante Universitario;Sí;Soltero;Masculino;Comida;Negativo;Sí;Negativa;Sí;1;2;0;No;NA;NA;NA;8;NA
4953720781019550298;-0,55036597116656505;0,02387387844686570;1,21963558261420713;0,59787102878145948;1,65126868180157405;0,27313500765858217;Caracas;Libertador;21;Estudiante Universitario;Sí;Soltero;Femenino;Comida;Positivo;No;Negativa;Sí;9;1;1;No;NA;NA;NA;8;NA
4953718401448012973;0,38206388010448145;-1,22315116992656403;-0,12583962091636444;0,13483276739930961;0,69859595876251490;0,27606603682022185;Caracas;Baruta;30;Con estudios de especialización;Sí;Soltero;Masculino;Empresas, viajes;Positivo;No;Negativa;Sí;15;2;0;Sí;5;0;0;4;NA
4953715770561222358;0,45830980945327277;-0,79879939049172899;1,28807383309113010;NA;NA;NA;Caracas;El Hatillo;56;Licenciado;Sí;Casado;Femenino;Comida;Positivo;No;Negativa;Sí;25;3;6;Sí;2;0;0;5;5000$
4953708298139840294;-0,38585922340045598;1,74429802116576704;-0,01185399638402481;-0,23269929483375598;0,05707998520126033;-0,26032597889902698;Caracas;Baruta;21;Estudiante Universitario;Sí;Soltero;Femenino;Educación;Positivo;No;Negativa;Sí;1;0;0;Sí;8;2;1;6;NA
4953708190714966691;1,21979016565293197;-0,34002867083172361;0,17872854467740340;-0,14931561111170916;-1,02559283615861530;0,09533997831428864;Caracas;El Hatillo;62;Con estudios de especialización;Sí;Casado;Masculino;Comida;Negativo;No;Negativa;Sí;2;0;0;Sí;2;0;0;5;10000
4953706174172053006;0,69629718314832945;1,84492514625871840;-1,38656739896482062;0,41464716572533572;1,03486686286522911;0,44000132188914914;Caracas;Sucre;23;Licenciado;Sí;En unión libre;Femenino;Comida;Negativo;No;Negativa;Sí;5;1;0;Sí;1;1;0;7;2000$ creo
4953705572222889669;0,35632447395038763;-0,10419011293978389;-0,43413375923936587;-0,47646842806941819;-0,11994939551505615;-0,49681558751592358;Caracas;Sucre;20;Estudiante Universitario;Sí;Soltero;Femenino;Comida;Negativo;Sí;Negativa;No;NA;NA;NA;Sí;6;0;0;9;1000
4953704025365281703;1,31531915866727656;1,52126113863344492;-0,06697101320441509;0,38508495226135186;-0,40341832447400972;0,47082131571190272;Caracas;Chacao;20;Estudiante Universitario;Sí;Soltero;Masculino;Educación;Negativo;Sí;Negativa;Sí;3;0;0;Sí;1;0;0;6;NA
4953702425027965481;-0,30128370029779289;-0,13400066287828094;-0,24750905765399611;-0,90738449009919608;0,73765711317643190;-0,24208207211223703;Caracas;Sucre;19;Estudiante Universitario;Sí;Soltero;Masculino;Comida;Negativo;Sí;Negativa;Sí;8;1;0;No;NA;NA;NA;12;NA
4953683067919595334;0,70745056237683224;0,38476866440983415;-0,32377691271600839;NA;NA;NA;Caracas;Baruta;20;Estudiante Universitario;Sí;Soltero;Masculino;Comida;Negativo;Sí;Negativa;Sí;5;0;1;Sí;3;0;0;7;200
4953677103258670830;-0,25942407818200452;-1,28116218123292680;-0,36435934345036292;-0,46579008926104892;0,29347784589389192;-0,08488719930878434;Guatire;Sucre;20;Bachiller;Sí;Soltero;Masculino;Educación;Negativo;Sí;Negativa;Sí;2;1;1;Sí;1;0;0;8;NA
4953676612141896148;0,98577434165611466;-2,13272344178782003;1,14387559099790592;0,18093495394914202;-0,00338849901637753;0,23752516998645451;Caracas;Baruta;51;Licenciado;Sí;Casado;Femenino;Comida;Negativo;No;Negativa;Sí;8;0;0;Sí;2;0;0;6;NA
4953674806789589709;-0,38594303303183308;-0,44089385666826963;0,01848124404793587;-0,01314495631186337;1,30902754742542959;0,29185229328400492;Caracas;Chacao;21;Estudiante Universitario;Sí;Soltero;Masculino;Educación;Positivo;No;Positiva;Sí;5;1;0;Sí;0;1;1;6;NA
4953674305841932049;-0,73715062053477720;1,59623090535647894;-1,08818730303465649;0,24916089520488885;-2,45455771541947732;-0,92657500884555477;Caracas;Chacao;23;Estudiante Universitario;Sí;Soltero;Femenino;Comida;Negativo;Sí;Negativa;Sí;2;2;1;No;NA;NA;NA;7;300
4953674297413759750;1,52941273927205934;-1,63823822789593110;0,61161374369954424;-0,23969632901853163;-0,09834599531365684;-0,39033276946081258;Caracas;Sucre;23;Estudiante Universitario;Sí;Soltero;Masculino;Educación;Positivo;No;Positiva;Sí;1;0;0;Sí;2;0;0;8;800
4953671421349328580;-0,64439859117827725;-0,87371349696179990;-0,36194626008126929;-0,74249815776719230;0,49126434563555932;0,07626216348789948;Caracas;Sucre;23;Estudiante Universitario;Sí;Soltero;Masculino;Comida;Negativo;Sí;Negativa;Sí;6;0;1;No;NA;NA;NA;12;350$
4953668385594237136;-0,00228638487203883;0,06837229373000484;-1,07553363740675612;0,01079563986676358;-0,40991214833834810;0,12967027977467480;Caracas;Chacao;18;Estudiante Universitario;Sí;Soltero;Masculino;Comida;Negativo;Sí;Negativa;Sí;15;7;5;Sí;10;3;1;6;1000$
4953648485423874261;0,59220184844419888;1,18132487648227436;-0,32369570555812166;0,24995085465036562;2,68112167320594130;1,10943923179900605;Caracas;El Hatillo;21;Estudiante Universitario;Sí;Soltero;Femenino;Comida;Positivo;No;Negativa;Sí;7;1;5;Sí;4;1;1;7;NA
4953641202145767276;-0,59072224556087205;1,11497540642376936;0,34135431297214275;-0,08019183629957066;1,96730924650942063;0,58497501915123395;Caracas;Baruta;23;Licenciado;Sí;Soltero;Masculino;Comida;Negativo;No;Negativa;Sí;2;1;0;Sí;2;0;0;6;5000
4953633822171001180;0,56969521795231071;0,58225074026139712;0,07282905863826776;-0,36521252414484529;1,12390094512199656;0,75075058495036295;Caracas;Baruta;54;Con estudios de especialización;Sí;Casado;Masculino;Educación;Positivo;No;Negativa;Sí;3;2;0;Sí;6;0;0;6;8000
4953622558212479267;1,24741935594822673;0,94628541647860909;-0,28012075108609280;1,71388784996881705;1,40545027286324475;1,57189915370102429;Caracas;Baruta;23;Estudiante Universitario;Sí;Soltero;Femenino;Comida;Negativo;No;Negativa;Sí;1;3;1;Sí;1;3;1;6;1k
4953619031417474333;-0,95571349216842316;-0,42747485819356318;-0,31286106870681257;-0,24325412076267605;2,34267191964226473;-0,08837164618344695;Caracas;Sucre;22;Estudiante Universitario;Sí;Soltero;Femenino;Comida;Negativo;No;Negativa;Sí;6;1;0;Sí;7;2;1;10;210
4953618910322550747;1,27592523406900549;0,79711431901527974;0,11612852100190352;0,74553625283676006;0,29773654099419783;0,42859072688962729;caracas;Libertador;24;Estudiante Universitario;Sí;Soltero;Masculino;Comida;Negativo;Sí;Negativa;Sí;3;2;0;No;NA;NA;NA;12;$30
4953618383311541976;-0,43508174794838317;0,23223958935520839;-0,04110672107068670;0,10284906804008301;-1,68740724045599322;-0,37609934001409495;Caracas;Sucre;21;Estudiante Universitario;Sí;Soltero;Femenino;Comida;Negativo;Sí;Negativa;No;NA;NA;NA;No;NA;NA;NA;6;NA
4953612225025037737;-0,54078766323395688;0,86576930572392397;0,87564552647164817;NA;NA;NA;Caracas;Sucre;20;Estudiante Universitario;Sí;Soltero;Femenino;Comida;Positivo;No;Negativa;Sí;3;2;1;Sí;2;1;1;11;250$
4953604419025810353;-0,86394262149813517;-0,67136382074990686;1,27524619602747546;0,15533312778518646;1,21756675972045225;0,32582205675662707;Caracas;Sucre;45;Educación básica;Sí;Soltero;Femenino;Comida;Positivo;No;Positiva;Sí;3;0;1;No;NA;NA;NA;15;160
4953577593876058571;-1,01433928822124786;-0,38530616785179767;0,61645378476980628;-0,21272678859759001;-1,75348254368780720;-1,21504839476303172;Caracas;Sucre;41;Con estudios de especialización;Sí;Soltero;Femenino;Comida;Positivo;No;Negativa;Sí;5;3;1;No;NA;NA;NA;9;100$
4953576099023589442;0,86509927132002162;-1,20032396646367800;0,66675685010252583;0,81202301657292264;1,18141736689257959;0,67410505650388275;Caracas;Sucre;45;Licenciado;Sí;Soltero;Femenino;Comida;Negativo;Sí;Negativa;No;NA;NA;NA;Sí;1;0;0;8;1000
4953571229018512335;-0,54283060039304321;1,90709938289731196;-0,95065675285761830;0,51086497191833657;-1,35174275469364957;0,09538006093644667;Caracas.;Libertador;14;Bachiller;Sí;Soltero;Femenino;Comida;Negativo;Sí;Negativa;No;NA;NA;NA;No;NA;NA;NA;6;NA
4953571168122679515;0,56567145447735645;0,92345124110390009;-0,81106371840219649;0,04164300712952369;0,01535688630431696;-0,39600562613754725;Caracas;Chacao;20;Estudiante Universitario;No;Soltero;Femenino;Comida;Negativo;Sí;Negativa;Sí;4;4;3;No;NA;NA;NA;10;1000$
4953564138327462894;0,18828245463956700;0,27550335579064905;1,17293519426579329;0,69228443645268090;0,19144353277865719;-0,09227928189825027;Caracas;Libertador;29;Licenciado;Sí;Soltero;Femenino;Comida;Negativo;Sí;Negativa;Sí;5;3;2;No;NA;NA;NA;7;NA
4953562615108685168;-1,39800294322911767;0,36490206399859376;-0,79062907459713849;-0,71014374667151148;-0,50801544536235588;-0,52947455017885758;Caracas;Baruta;19;Estudiante Universitario;Sí;Soltero;Femenino;Educación;Negativo;Sí;Negativa;Sí;2;1;0;Sí;1;0;0;7;NA
4953561304377482667;1,24741352145411843;0,03784825845460553;-0,30495409319659228;0,39350517969067106;1,54344103011220968;0,35774541511477914;Caracas;Baruta;19;Estudiante Universitario;Sí;Soltero;Femenino;Educación;Negativo;Sí;Negativa;Sí;0;0;0;Sí;1;0;0;9;NA
4953560918424338489;-0,37296480769971385;-0,75486956102941805;-0,83459893844445743;0,15187838601684672;-2,30013628608937015;-0,69213684857880853;Caracas;Sucre;19;Estudiante Universitario;Sí;Soltero;Femenino;Educación;Negativo;Sí;Positiva;Sí;8;0;0;Sí;1;0;0;7;Relativo a las ventas que se hagan
4953556529782351718;0,04752453312319097;0,83228915410268667;0,25079832758281922;-0,47021112053910158;0,32954702835148725;-0,07162311215703109;Caracas;Sucre;42;Estudiante Universitario;Sí;Casado;Femenino;Educación;Negativo;No;Negativa;Sí;8;4;0;Sí;3;3;0;6;2000$
4953556193426763399;-0,03832646378106565;-1,77169608037872583;-0,52274107143168747;0,97431092890746041;1,50645258541590166;0,60503870024630813;Caracas;El Hatillo;18;Estudiante Universitario;Sí;Soltero;Femenino;Comida;Positivo;Sí;Negativa;Sí;8;2;0;Sí;5;0;0;8;500$
4953554981778290021;1,17034638301303828;0,77429547101107477;-0,09982949818129101;0,38881916592881305;1,70894496679664853;0,92483274633175372;Ccs;Baruta;20;Estudiante Universitario;Sí;Soltero;Femenino;Comida;Positivo;Sí;Positiva;Sí;18;1;1;Sí;4;0;0;6;Ni idea
4953554865227512395;0,93387656362443039;1,28691370699548036;-0,66182582741788987;-0,25377436668526832;-0,81815301012386632;-0,57717303592243863;Caracas;Baruta;20;Estudiante Universitario;Sí;Soltero;Femenino;Educación;Negativo;No;Negativa;Sí;21;1;0;Sí;2;0;0;5;NA
4953553730122707121;-1,04864302200071280;-0,06615585964472924;-1,38673621556691451;1,28899528169418298;-1,62470950217306109;0,36138405727724393;Caracas;Baruta;20;Estudiante Universitario;Sí;Soltero;Femenino;Comida;Negativo;Sí;Negativa;Sí;15;6;4;No;NA;NA;NA;6;NA
4953553554214332540;0,17451923557440455;0,21629293529936419;0,29105017478821893;0,03477371893468462;0,15958141047094127;-0,27220901201107478;Caracas;Sucre;18;Estudiante Universitario;Sí;Soltero;Femenino;Comida;Positivo;No;Negativa;Sí;3;2;0;Sí;5;0;0;7;100$
4953552443016183839;1,27987932719075292;-0,34231793873642780;-0,22746640629882861;0,14600949767490046;-2,96023868239403054;-1,37139377407064922;Caracas;Baruta;21;Estudiante Universitario;Sí;Soltero;Femenino;Educación;Negativo;Sí;Negativa;No;NA;NA;NA;No;NA;NA;NA;7;No se
4953552188215720255;-0,31964555762662172;-0,37204682129795330;-0,55884946572412408;0,95591707942950388;0,38647540339143255;0,33049046823565398;Caracas;El Hatillo;19;Estudiante Universitario;Sí;Soltero;Femenino;Educación;Negativo;Sí;Negativa;Sí;15;5;2;No;NA;NA;NA;6;800
4953550325422110250;1,16216868966445319;1,62183811943508815;0,67032126055432650;0,08762921858882869;-0,38254387880110274;-0,36161100783284500;Caracas;Libertador;22;Estudiante Universitario;Sí;Soltero;Femenino;Comida;Positivo;Sí;Negativa;Sí;3;0;0;No;NA;NA;NA;8;400
4953537296217658623;-0,88068658985414527;-0,86120517852770706;-0,99360023496081307;1,50035595293504054;0,02155019427889374;-0,54880329183236953;Caracas;Baruta;20;Estudiante Universitario;Sí;Soltero;Femenino;Educación;Negativo;No;Negativa;No;NA;NA;NA;No;NA;NA;NA;8;300$
4953517925514969292;-0,75990330901154157;1,14466773748373529;0,30766161396735159;0,33953528315586157;0,66161986233890369;0,49469654792647449;Caracas;Sucre;20;Estudiante Universitario;Sí;Soltero;Femenino;Comida;Negativo;Sí;Negativa;Sí;10;2;1;No;NA;NA;NA;13;200$
4953517398694706159;0,33369652502578645;-1,57467546060967867;0,92432665129273084;0,36473059402941654;-0,09439707832444236;0,04877349350744600;Caracas;Baruta;55;Con estudios de especialización;Sí;Casado;Masculino;Comida;Positivo;No;Negativa;Sí;6;1;1;No;NA;NA;NA;6;500
4953516739424109049;-1,68104952441183775;-0,16134921679512779;0,97724969571091391;0,37163793424428099;0,35290988059018791;0,39699117147505131;Caracas;Libertador;24;Estudiante Universitario;Sí;Soltero;Masculino;Educación;Negativo;Sí;Negativa;Sí;10;0;2;No;NA;NA;NA;7;$700
4953509789164685250;-1,52800078273125428;-1,06822799268690383;-0,63798642520185778;NA;NA;NA;Caracas;Libertador;23;Estudiante Universitario;Sí;Soltero;Masculino;Comida;Negativo;Sí;Negativa;Sí;20;0;2;Sí;1;0;0;10;400$
4953499838714943167;0,60741929793554283;0,45716051949487629;0,15205808220746087;NA;NA;NA;Caracas;Sucre;22;Estudiante Universitario;Sí;Soltero;Masculino;Comida;Negativo;Sí;Negativa;Sí;20;0;4;Sí;6;1;3;11;120$
4953499770711898354;0,60249205471625544;-0,89458780754056355;0,42225902746936927;0,32502019985475750;0,32934586160278023;0,45834018128157489;Caracas;Libertador;23;Estudiante Universitario;Sí;Soltero;Femenino;Comida;Positivo;Sí;Negativa;Sí;3;6;2;No;NA;NA;NA;8;100$
4953494933712953102;-0,21133110281698558;-0,90308107161169138;-1,47197516398927375;-1,03371268787851700;1,37004248492520553;0,01965236988105847;Caracas;Sucre;20;Estudiante Universitario;Sí;Soltero;Femenino;Comida;Negativo;Sí;Negativa;Sí;2;0;0;Sí;5;0;0;8;50
4953494842433706227;0,79666845534727626;0,55489496093965629;-0,86132335994994069;0,40024138618764782;-0,34924639823712617;0,17323697460026738;Caracas;Libertador;20;Estudiante Universitario;Sí;Soltero;Masculino;Comida;Positivo;No;Negativa;Sí;3;1;0;Sí;1;0;0;8;Puede variar
4953492767133519887;1,12205509983287310;0,23641948286290349;0,73651541252841557;-0,55674304835192689;-1,38320490514971217;-0,76821943047711183;Caracas;Chacao;21;Estudiante Universitario;Sí;Soltero;Femenino;Comida;Negativo;No;Negativa;Sí;6;2;0;No;NA;NA;NA;10;50$ a 150$
4953492172835920416;2,11744474819104722;1,32430016929131966;-1,26560496096350761;-0,04985569610168394;2,08159656491579304;0,88100844985176097;Caracas;El Hatillo;21;Estudiante Universitario;Sí;Soltero;Femenino;Comida;Negativo;Sí;Negativa;Sí;2;0;0;No;NA;NA;NA;10;25$
4953491273021786921;-0,98228450734801398;-0,20327564978694149;0,00741704424757596;-0,41523356856918281;1,47091223345345989;0,18693719789002439;Caracas;Sucre;19;Estudiante Universitario;Sí;Soltero;Femenino;Comida;Positivo;No;Negativa;Sí;3;2;2;No;NA;NA;NA;11;100$
4953491224299999020;0,06688017592820600;0,69494031468175910;0,49466195679885211;1,08034138555219061;0,57030728806424269;0,77240729316061663;Caracas;Baruta;20;Estudiante Universitario;Sí;Soltero;Masculino;Educación;Positivo;Sí;Negativa;No;NA;NA;NA;No;NA;NA;NA;7;2000
4953483858228940405;-0,36105218127720873;-0,02350330378832151;1,47220126785177396;NA;NA;NA;Caracas;Libertador;25;Estudiante Universitario;Sí;Soltero;Masculino;Medicinas;Negativo;Sí;Negativa;Sí;3;1;0;No;NA;NA;NA;8;500
4953479606615539803;-0,86159825251022104;-1,27198336951836244;-0,40692485179487520;-0,18684573213770711;-0,30961093160290670;0,03821186972182251;Caracas;Sucre;18;Bachiller;Sí;Soltero;Femenino;Comida;Negativo;Sí;Negativa;Sí;5;1;0;Sí;4;0;0;13;50$
4953478735517621617;-0,04903959473404577;0,79628770061078835;-0,05445739020115859;-1,40227033236976717;-0,44913172312311234;-0,87840309386407756;Prados del Este;Baruta;22;Estudiante Universitario;Sí;Soltero;Masculino;Comida;Negativo;Sí;Negativa;Sí;5;4;1;No;NA;NA;NA;6;120
4953474557014488293;-1,67877658941747576;-1,73562214675111592;0,61836160049945299;-0,14002483065223836;2,20158615777776356;-0,15563578142880177;Caracas;El Hatillo;23;Estudiante Universitario;Sí;Soltero;Femenino;Comida;Negativo;Sí;Negativa;Sí;1;1;2;Sí;1;2;0;8;20$
4953473493029741779;0,06394865384788256;-0,59025322450868545;-0,91408144109849876;1,17452158592498868;-0,64282648961730771;-0,06885620032815876;Caracas;Sucre;21;Estudiante Universitario;Sí;Soltero;Femenino;Comida;Negativo;Sí;Negativa;No;NA;NA;NA;No;NA;NA;NA;12;70
4953471662876081833;-0,08677863053373081;0,18392751238815294;0,41070742707794577;0,39891669577945882;-0,01578801774231925;0,66287652441880773;Caracas;Libertador;24;Estudiante Universitario;Sí;Soltero;Femenino;Educación;Positivo;No;Negativa;Sí;10;2;0;No;NA;NA;NA;11;700
4953468601814004232;-1,14707776478255452;1,74053820011254601;-0,75966657189325804;0,88729493451147190;-1,26489467572196301;0,42252216274079241;Caracas;Libertador;18;Bachiller;Sí;Soltero;Femenino;Comida;Negativo;No;Negativa;No;NA;NA;NA;No;NA;NA;NA;7;30$
4953467663654921881;1,16216868966445319;1,62183811943508815;0,67032126055432650;0,03703364308472600;-0,02454773485758593;0,51203021060133436;Caracas;Sucre;66;Con estudios de especialización;Sí;Casado;Masculino;Comida;Negativo;Sí;Negativa;Sí;2;4;4;No;NA;NA;NA;8;180
4953466824711237526;-0,55814852127188752;-0,56626614604861247;-0,03354215710249218;-0,15470846535842794;2,00136874888071059;0,86167689761573918;Caracas;Chacao;23;Estudiante Universitario;Sí;En unión libre;Masculino;Educación;Negativo;No;Negativa;Sí;15;0;0;Sí;5;0;1;10;150$
4953458135511950872;-0,17058531828668111;-0,38303061280194672;1,10781392655573718;-0,25784400999828322;-1,38687231507524977;-0,55162047636675715;Caracas;Baruta;22;Estudiante Universitario;Sí;Soltero;Femenino;Comida;Positivo;No;Negativa;Sí;4;0;1;No;NA;NA;NA;7;100$
4953456675159686435;-0,47305577150484407;0,47848119460983829;-0,38602873177466951;-0,55566543396008194;-0,99562031536117479;-0,68656566100358352;Caracas;Libertador;48;Con estudios de especialización;Sí;Casado;Femenino;Comida;Negativo;Sí;Negativa;Sí;6;2;0;No;NA;NA;NA;6;NA
4953452546457015795;-1,30771769861655174;1,47941228427774574;0,71993074267612100;0,64750562951846902;-1,41755806507961091;0,10806387849501965;Caracas;Libertador;21;Estudiante Universitario;Sí;Soltero;Masculino;Comida;Negativo;Sí;Negativa;Sí;20;10;2;Sí;2;0;0;8;$300
4953018001411566748;1,66214569908184817;-0,53802941131967519;0,90300668125150718;0,00615186772463812;0,79900568591929810;0,46143687048065080;Caracas;Libertador;43;Con estudios de especialización;Sí;Casado;Masculino;Comida;Positivo;Sí;Negativa;Sí;20;12;10;Sí;8;2;2;6;1500
4952928961412023855;-1,14094347250846395;1,14363931156908905;1,02800960947803488;1,14295788898092421;0,77657629297626074;0,45728996283205087;Caracas;Baruta;22;Estudiante Universitario;Sí;Soltero;Femenino;Educación;Positivo;Sí;Negativa;Sí;4;1;0;No;NA;NA;NA;6;3500
4952598205919816783;-0,87750994016273032;-0,27614428598770130;-0,79540891824757520;-1,13654522683416181;0,44961516537311358;-0,55868717409483226;Área Metropolitana de Caracas;El Hatillo;21;Estudiante Universitario;Sí;Soltero;Masculino;Comida;Negativo;Sí;Negativa;No;NA;NA;NA;Sí;2;2;4;10;30
4952519523867708312;-0,09138417795977390;1,08487853105568188;0,10546210011321709;0,31614971334143699;1,09630757201504747;0,53802970354425628;Caracas;Baruta;22;Licenciado;Sí;Soltero;Femenino;Comida;Negativo;Sí;Negativa;Sí;10;3;0;No;NA;NA;NA;7;NA
4952516883414386189;-1,22438389017682603;2,01004149721389114;0,13631080917774993;0,64615283070137630;-0,09036940269419488;1,19793212547770689;Caracas;El Hatillo;22;Estudiante Universitario;Sí;Soltero;Masculino;Comida;Positivo;No;Positiva;Sí;20;2;0;Sí;2;4;2;6;NA
4952510724758222537;-1,50483718999661509;-0,10101452718914536;-0,44871283583667881;-0,05494518269216941;0,97188124202954795;0,53716315618876742;Caracas;El Hatillo;21;Estudiante Universitario;Sí;Soltero;Masculino;Comida;Negativo;Sí;Negativa;No;NA;NA;NA;No;NA;NA;NA;6;1500
